monitoring_location_id,lat,lon,dist_km,nearest_uid,nearest_src,overlap_yr,families
USGS-422813091072801,42.470333,-91.124556,0.0,USGS-05418110,USGS,2.494267624914442,precip_site
USGS-431246095142101,43.2127777777778,-95.2391666666667,3.750966702860966e-12,USGS-06604440,USGS,3.3319644079397674,precip_site
USGS-05454220,41.7183444444444,-91.7401722222222,0.011700343898905763,WQS0003,IWQIS,12.550146398965701,discharge+stage
USGS-05422000,41.7669722222222,-90.5348555555556,0.014422378017653403,WQS0023,IWQIS,11.602611954014247,discharge+stage
USGS-05455700,41.4237777777778,-91.4785277777778,0.014570620127475719,WQS0006,IWQIS,5.444995817172408,discharge+stage
USGS-05411900,42.9524166666667,-91.6429722222222,0.01863030394203653,WQS0009,IWQIS,3.623659593885467,discharge
USGS-05388250,43.4210841247514,-91.5087519106123,0.023821824671404406,WQS0064,IWQIS,8.47907065176059,discharge+stage
USGS-06609500,41.6416944444444,-95.7823333333333,0.02507590732878696,WQS0040,IWQIS,10.096661343067915,discharge+stage
USGS-05455500,41.4697387242571,-91.7146129287325,0.03835678957721961,WQS0005,IWQIS,14.018670621340025,discharge+stage
USGS-05454300,41.6766805555556,-91.5987777777778,0.044470692476970344,WQS0002,IWQIS,13.579911019849419,discharge+stage
USGS-05480820,42.7244138888889,-93.9466944444444,0.04619221648136563,WQS0039,IWQIS,6.352137044642179,discharge+stage
USGS-06607200,42.1567777777778,-95.8102777777778,0.046493260974882884,WQS0042,IWQIS,2.6742242756103125,discharge+stage
USGS-05389000,43.1119166666667,-91.2651388888889,0.047683304804579656,WQS0063,IWQIS,9.018001368925393,discharge+stage
USGS-06898000,40.6402777777778,-93.8080555555556,0.05166396280837057,WQS0036,IWQIS,3.243754277891855,discharge+stage
USGS-05389400,43.0408174743767,-91.2065191770473,0.055828911144696104,WQS0111,IWQIS,4.881110730854058,discharge+stage
USGS-06483500,43.2150833333333,-96.2950277777778,0.06163054678082337,WQS0067,IWQIS,8.761955281770478,discharge+stage
USGS-06608500,41.8305833333333,-95.93225,0.06282739404899595,WQS0061,IWQIS,7.641569701117956,discharge+stage
USGS-05465000,41.4091916666667,-91.2904305555556,0.0676916542808042,WQS0007,IWQIS,13.910592060232718,discharge+stage
USGS-06600500,42.5763888888889,-96.3115555555556,0.08552947296795714,WQS0043,IWQIS,10.145999695794357,discharge+stage
USGS-06607500,41.9650277777778,-95.97225,0.08718402624053244,WQS0041,IWQIS,1.165592440489771,discharge+stage
USGS-05418500,42.0833527777778,-90.6329166666667,0.12881248959873487,WQS0118,IWQIS,2.173501787208153,discharge+stage
USGS-05490500,40.7278055555556,-91.9596138888889,0.1305529025697168,WQS0033,IWQIS,10.19576583770629,discharge+stage
USGS-05474000,40.75365,-91.2770888888889,0.13953086969815306,WQS0010,IWQIS,12.206935888660734,discharge+stage
USGS-05462000,42.711925,-92.5829666666667,0.16261932999426051,WQS0083,IWQIS,7.884831546125181,discharge+stage
USGS-05458500,42.6483166666667,-92.4651861111111,0.16698127085645728,WQS0084,IWQIS,7.8364419347478895,discharge+stage
USGS-414315091252002,41.7211284143077,-91.4223891277426,0.33074639066377776,WQS0021,IWQIS,4.445937492077978,groundwater
USGS-401934089541701,40.32622222222223,-89.90480555555555,0.7898701243238122,USGS-05568705,USGS,3.628650467716144,groundwater+nitrate
USGS-401934089541702,40.32619444444445,-89.90480555555555,0.79003332836594,USGS-05568705,USGS,3.7961727127537896,groundwater+nitrate
USGS-05568703,40.32633333333334,-89.90477777777778,0.7916911599485266,USGS-05568705,USGS,2.3610255532739814,stage
USGS-401934089541708,40.32633333333334,-89.90477777777778,0.7916911599485266,USGS-05568705,USGS,1.8795345653661557,precip_site
USGS-401934089541703,40.32622222222223,-89.90477777777778,0.7922218613356715,USGS-05568705,USGS,3.6284223134838833,diss_oxy+spec_cond+turbidity+water_temp
USGS-401934089541704,40.32619444444445,-89.90477777777778,0.7923845819669817,USGS-05568705,USGS,3.7960015970795937,diss_oxy+spec_cond+water_temp
USGS-401934089541705,40.32622222222223,-89.90472222222223,0.796925389141031,USGS-05568705,USGS,1.235597764088492,groundwater
USGS-401934089541706,40.32619444444445,-89.90472222222223,0.7970871515050725,USGS-05568705,USGS,1.235597764088492,groundwater
USGS-414345091253801,41.7291666666667,-91.4273888888889,0.835159940293378,WQS0021,IWQIS,4.445937492077978,precip_site
USGS-05489500,41.0108472222222,-92.4112916666667,0.9094443583098186,WQS0115,IWQIS,3.9399574112099778,discharge+stage+water_temp
USGS-431316095135201,43.2213055555556,-95.2303333333333,1.1880892373434855,USGS-06604440,USGS,1.1279660050193931,groundwater
USGS-05483470,41.6956111111111,-94.38175,1.2710746953141836,WQS0032,IWQIS,10.18722906684919,stage
USGS-05454090,41.7,-91.5627777777778,1.4001356052429292,WQS0001,IWQIS,13.775924024640657,discharge+stage
USGS-413713093380201,41.62031666666667,-93.63395000000001,1.5051911696650535,USGS-05482000,USGS,2.9953798767967146,groundwater
USGS-06602400,41.9649166666667,-95.99175,1.5255724861576232,WQS0041,IWQIS,1.165592440489771,discharge+stage
USGS-401913089534501,40.32041666666667,-89.89575,1.7009126678912017,USGS-05568705,USGS,4.127053388090349,diss_oxy+groundwater+nitrate+ph+spec_cond+turbidity+water_temp
USGS-05464220,42.2515277777778,-92.2988888888889,1.7312059159437796,WQS0070,IWQIS,5.22455700053236,discharge+stage
USGS-415959091441301,41.999611111111115,-91.73691666666667,2.190604785942571,USGS-05464475,USGS,2.4505475701574264,groundwater+nitrate+spec_cond+water_temp
USGS-420014091442701,42.0038888888889,-91.7408333333333,2.234872651633084,USGS-05464475,USGS,7.186316449920177,groundwater
USGS-415954091440401,41.99852777777778,-91.73458333333333,2.3022369609076447,USGS-05464475,USGS,7.186088295687916,groundwater
USGS-05464315,42.1708277777778,-92.0237944444444,2.3238982717955037,WQS0071,IWQIS,6.160344893147768,discharge+stage
USGS-05388310,43.4510835684841,-91.5051406711692,2.3557441280794182,WQS0091,IWQIS,4.021840063883185,discharge+stage
USGS-420019091442502,42.0052777777778,-91.7402777777778,2.3790808165276927,USGS-05464475,USGS,7.181496691763664,groundwater
USGS-420019091442501,42.0052777777778,-91.7402777777778,2.3790808165276927,USGS-05464475,USGS,7.181496691763664,groundwater
USGS-415953091435201,41.9980545892458,-91.7312928346884,2.528787756131824,USGS-05464475,USGS,2.1539755874971482,groundwater
USGS-420031091443301,42.00877777777778,-91.74269444444444,2.5663977822495556,USGS-05464475,USGS,7.186459046315341,groundwater
USGS-05389501,43.0169291805586,-91.1981856978267,2.7057415245393104,WQS0111,IWQIS,4.052540117119205,discharge+stage
USGS-420031091441801,42.0086111111111,-91.7383333333333,2.7647133162465156,USGS-05464475,USGS,7.181496691763664,groundwater
USGS-05453520,41.7152944444444,-91.5301666666667,2.8158277537644105,WQS0001,IWQIS,13.775924024640657,discharge+stage
USGS-05470500,42.0225555555556,-93.6305,2.864375029115764,WQS0038,IWQIS,8.656970111795575,discharge+stage
USGS-05389500,43.0270122431016,-91.1726297782908,3.097609133439835,WQS0111,IWQIS,4.881110730854058,stage
USGS-420033091420302,42.00916398364065,-91.70098683367013,3.115397216784515,WQS0052,IWQIS,1.015666590615256,groundwater
USGS-06808820,40.6871395963224,-95.6004928900264,3.3197971954399508,WQS0044,IWQIS,1.4372290668492218,discharge+stage
USGS-06817300,40.7274722222222,-94.98025,3.3776193290258907,USGS-06817000,USGS,7.8201289071411955,discharge+stage
USGS-420031091422601,42.00875,-91.70730555555556,3.6191735066964417,WQS0052,IWQIS,1.015666590615256,groundwater
USGS-05412020,42.8434851705994,-91.4012767402577,3.715625375230163,WQS0018,IWQIS,2.3848233389104365,discharge+stage
USGS-420026091423001,42.007222222222225,-91.7085,3.771820682439511,WQS0052,IWQIS,1.015666590615256,groundwater
USGS-05489490,41.014458385782,-92.4624086567883,3.82783843674342,WQS0115,IWQIS,3.686886835500767,discharge+stage
USGS-0545776680,43.0669176029876,-92.5754626799168,3.831253612343747,WQS0013,IWQIS,8.471502427307527,discharge+stage
USGS-05484900,41.5815,-93.6426666666667,3.8859213793009126,USGS-05482000,USGS,10.310631987223363,discharge+stage
USGS-05485500,41.5785833333333,-93.6056111111111,3.8907638428959497,USGS-05482000,USGS,10.310631987223363,discharge+stage
USGS-05470000,42.0665833333333,-93.62025,3.942596301787012,WQS0038,IWQIS,8.656970111795575,discharge+stage
USGS-413835093384601,41.64313333333333,-93.64596666666667,4.0970219944732795,USGS-05482000,USGS,2.9955041257890334,groundwater
USGS-05454500,41.6566833333333,-91.541,4.169104643890124,WQS0001,IWQIS,13.775924024640657,discharge+stage
USGS-05458000,43.0332777777778,-92.5035444444444,4.235640652791478,WQS0013,IWQIS,8.471502427307527,discharge+stage
USGS-05412030,42.838596239433,-91.4070825282714,4.409978677727796,WQS0018,IWQIS,2.3848233389104365,discharge+stage
USGS-05482315,42.3038888888889,-95.0413888888889,4.530292549599447,WQS0104,IWQIS,5.048290744543311,stage
USGS-05464695,42.0309444444444,-91.6118611111111,4.648413663259643,WQS0052,IWQIS,1.015666590615256,discharge+stage
USGS-413849093391401,41.6469,-93.65375,4.80691398019594,USGS-05482000,USGS,2.995328351965929,groundwater
