scope,metric,value,match,note
GLOBAL,n_sites,116,context,cohort grows; build2 does not filter sites
GLOBAL,n_grid_cells,67080,context,AOE is ~2.7x larger
GLOBAL,covariate_bbox,"[-100.158, 39.75, -85.839, 47.885]",context,replaced by the 3 AOE boxes
GLOBAL,graph_nodes,116,context,
GLOBAL,graph_edges,236,context,
GLOBAL,graph_is_dag,0,exact,0 today: the duplicate-registration 2-cycles. MUST be 1 after merge
USGS-05412500,lat,42.739988,exact,
USGS-05412500,lon,-91.261799,exact,
USGS-05412500,water_n_days,3249,exact,
USGS-05412500,water_first_day,2012-05-09,exact,
USGS-05412500,water_last_day,2026-07-24,exact,
USGS-05412500,water_median,6.7,exact,
USGS-05412500,water_max,20.0,exact,
USGS-05412500,water_n_ge10,523,exact,
USGS-05412500,basin_area_km2,4023.9915,tol_5pct,delineation method changes
USGS-05412500,basin_variant,0,context,basin0-3 selection is retired in build2
USGS-05412500,grid_n_cells,315,tol_5pct,
USGS-05412500,grid_coverage,255.8941,tol_5pct,
USGS-05412500,grid_area_km2,4023.9953,tol_5pct,
USGS-05412500,grid_max_dist_km,171.7416,tol_5pct,
USGS-05412500,corn_frac_2020,0.397009,tol_1pct,
USGS-05412500,surplus_kgha_2015,92.220978,tol_1pct,
USGS-05412500,tile_frac,0.380253,tol_1pct,
USGS-05412500,precip_gridmet_mean_2020,2.636689,tol_1pct,
USGS-05418110,lat,42.470333,exact,
USGS-05418110,lon,-91.124556,exact,
USGS-05418110,water_n_days,593,exact,
USGS-05418110,water_first_day,2012-05-16,exact,
USGS-05418110,water_last_day,2014-11-13,exact,
USGS-05418110,water_median,7.69,exact,
USGS-05418110,water_max,24.1,exact,
USGS-05418110,water_n_ge10,162,exact,
USGS-05418110,basin_area_km2,317.9044,tol_5pct,delineation method changes
USGS-05418110,basin_variant,0,context,basin0-3 selection is retired in build2
USGS-05418110,grid_n_cells,34,tol_5pct,
USGS-05418110,grid_coverage,20.069,tol_5pct,
USGS-05418110,grid_area_km2,317.9143,tol_5pct,
USGS-05418110,grid_max_dist_km,27.5019,tol_5pct,
USGS-05418110,corn_frac_2020,0.559398,tol_1pct,
USGS-05418110,surplus_kgha_2015,138.075705,tol_1pct,
USGS-05418110,tile_frac,0.506243,tol_1pct,
USGS-05418110,precip_gridmet_mean_2020,2.535451,tol_1pct,
USGS-05418400,lat,42.164333,exact,
USGS-05418400,lon,-90.729333,exact,
USGS-05418400,water_n_days,608,exact,
USGS-05418400,water_first_day,2012-05-25,exact,
USGS-05418400,water_last_day,2014-11-12,exact,
USGS-05418400,water_median,6.05,exact,
USGS-05418400,water_max,17.5,exact,
USGS-05418400,water_n_ge10,79,exact,
USGS-05418400,basin_area_km2,1303.0907,tol_5pct,delineation method changes
USGS-05418400,basin_variant,0,context,basin0-3 selection is retired in build2
USGS-05418400,grid_n_cells,118,tol_5pct,
USGS-05418400,grid_coverage,82.0507,tol_5pct,
USGS-05418400,grid_area_km2,1303.1194,tol_5pct,
USGS-05418400,grid_max_dist_km,95.5943,tol_5pct,
USGS-05418400,corn_frac_2020,0.469425,tol_1pct,
USGS-05418400,surplus_kgha_2015,118.920877,tol_1pct,
USGS-05418400,tile_frac,0.316677,tol_1pct,
USGS-05418400,precip_gridmet_mean_2020,2.753668,tol_1pct,
USGS-05418720,lat,42.163861,exact,
USGS-05418720,lon,-90.335083,exact,
USGS-05418720,water_n_days,1094,exact,
USGS-05418720,water_first_day,2014-05-23,exact,
USGS-05418720,water_last_day,2018-10-23,exact,
USGS-05418720,water_median,7.22,exact,
USGS-05418720,water_max,16.3,exact,
USGS-05418720,water_n_ge10,161,exact,
USGS-05418720,basin_area_km2,4828.6555,tol_5pct,delineation method changes
USGS-05418720,basin_variant,0,context,basin0-3 selection is retired in build2
USGS-05418720,grid_n_cells,374,tol_5pct,
USGS-05418720,grid_coverage,303.6739,tol_5pct,
USGS-05418720,grid_area_km2,4828.7015,tol_5pct,
USGS-05418720,grid_max_dist_km,197.1012,tol_5pct,
USGS-05418720,corn_frac_2020,0.446945,tol_1pct,
USGS-05418720,surplus_kgha_2015,104.652099,tol_1pct,
USGS-05418720,tile_frac,0.3773,tol_1pct,
USGS-05418720,precip_gridmet_mean_2020,2.788249,tol_1pct,
USGS-05420400,lat,41.894473,exact,
USGS-05420400,lon,-90.156793,exact,
USGS-05420400,water_n_days,1591,exact,
USGS-05420400,water_first_day,2021-11-24,exact,
USGS-05420400,water_last_day,2026-07-24,exact,
USGS-05420400,water_median,1.91,exact,
USGS-05420400,water_max,4.57,exact,
USGS-05420400,water_n_ge10,0,exact,
USGS-05420400,basin_area_km2,219501.6027,tol_5pct,delineation method changes
USGS-05420400,basin_variant,0,context,basin0-3 selection is retired in build2
USGS-05420400,grid_n_cells,15091,tol_5pct,
USGS-05420400,grid_coverage,14425.2943,tol_5pct,
USGS-05420400,grid_area_km2,219501.7488,tol_5pct,
USGS-05420400,grid_max_dist_km,1187.6381,tol_5pct,
USGS-05420400,corn_frac_2020,0.181652,tol_1pct,
USGS-05420400,surplus_kgha_2015,40.01015,tol_1pct,
USGS-05420400,tile_frac,0.137686,tol_1pct,
USGS-05420400,precip_gridmet_mean_2020,2.199845,tol_1pct,
USGS-05446500,lat,41.556111,exact,
USGS-05446500,lon,-90.185278,exact,
USGS-05446500,water_n_days,2788,exact,
USGS-05446500,water_first_day,2015-06-26,exact,
USGS-05446500,water_last_day,2026-07-24,exact,
USGS-05446500,water_median,3.73,exact,
USGS-05446500,water_max,13.5,exact,
USGS-05446500,water_n_ge10,6,exact,
USGS-05446500,basin_area_km2,24761.299,tol_5pct,delineation method changes
USGS-05446500,basin_variant,0,context,basin0-3 selection is retired in build2
USGS-05446500,grid_n_cells,1727,tol_5pct,
USGS-05446500,grid_coverage,1565.3116,tol_5pct,
USGS-05446500,grid_area_km2,24761.3636,tol_5pct,
USGS-05446500,grid_max_dist_km,455.2506,tol_5pct,
USGS-05446500,corn_frac_2020,0.360704,tol_1pct,
USGS-05446500,surplus_kgha_2015,62.284584,tol_1pct,
USGS-05446500,tile_frac,0.161952,tol_1pct,
USGS-05446500,precip_gridmet_mean_2020,2.706053,tol_1pct,
USGS-05447500,lat,41.488933,exact,
USGS-05447500,lon,-90.158008,exact,
USGS-05447500,water_n_days,2830,exact,
USGS-05447500,water_first_day,2015-06-26,exact,
USGS-05447500,water_last_day,2026-07-24,exact,
USGS-05447500,water_median,3.9,exact,
USGS-05447500,water_max,14.3,exact,
USGS-05447500,water_n_ge10,76,exact,
USGS-05447500,basin_area_km2,2710.2357,tol_5pct,delineation method changes
USGS-05447500,basin_variant,0,context,basin0-3 selection is retired in build2
USGS-05447500,grid_n_cells,226,tol_5pct,
USGS-05447500,grid_coverage,168.4709,tol_5pct,
USGS-05447500,grid_area_km2,2710.2391,tol_5pct,
USGS-05447500,grid_max_dist_km,135.19,tol_5pct,
USGS-05447500,corn_frac_2020,0.541361,tol_1pct,
USGS-05447500,surplus_kgha_2015,54.181311,tol_1pct,
USGS-05447500,tile_frac,0.453369,tol_1pct,
USGS-05447500,precip_gridmet_mean_2020,2.764449,tol_1pct,
USGS-05451210,lat,42.315306,exact,duplicate-registration pair; record changes on merge
USGS-05451210,lon,-93.152194,exact,duplicate-registration pair; record changes on merge
USGS-05451210,water_n_days,367,exact,duplicate-registration pair; record changes on merge
USGS-05451210,water_first_day,2010-07-30,exact,duplicate-registration pair; record changes on merge
USGS-05451210,water_last_day,2011-11-29,exact,duplicate-registration pair; record changes on merge
USGS-05451210,water_median,7.69,exact,duplicate-registration pair; record changes on merge
USGS-05451210,water_max,21.4,exact,duplicate-registration pair; record changes on merge
USGS-05451210,water_n_ge10,124,exact,duplicate-registration pair; record changes on merge
USGS-05451210,basin_area_km2,582.8925,tol_5pct,delineation method changes
USGS-05451210,basin_variant,0,context,basin0-3 selection is retired in build2
USGS-05451210,grid_n_cells,60,tol_5pct,
USGS-05451210,grid_coverage,36.7352,tol_5pct,
USGS-05451210,grid_area_km2,582.8927,tol_5pct,
USGS-05451210,grid_max_dist_km,72.411,tol_5pct,
USGS-05451210,corn_frac_2020,0.59599,tol_1pct,
USGS-05451210,surplus_kgha_2015,126.810309,tol_1pct,
USGS-05451210,tile_frac,0.737257,tol_1pct,
USGS-05451210,precip_gridmet_mean_2020,1.978523,tol_1pct,
USGS-05455100,lat,41.606406,exact,
USGS-05455100,lon,-91.615722,exact,
USGS-05455100,water_n_days,746,exact,
USGS-05455100,water_first_day,2012-05-18,exact,
USGS-05455100,water_last_day,2015-10-31,exact,
USGS-05455100,water_median,5.725,exact,
USGS-05455100,water_max,15.8,exact,
USGS-05455100,water_n_ge10,103,exact,
USGS-05455100,basin_area_km2,523.3522,tol_5pct,delineation method changes
USGS-05455100,basin_variant,0,context,basin0-3 selection is retired in build2
USGS-05455100,grid_n_cells,56,tol_5pct,
USGS-05455100,grid_coverage,32.5797,tol_5pct,
USGS-05455100,grid_area_km2,523.3526,tol_5pct,
USGS-05455100,grid_max_dist_km,68.4735,tol_5pct,
USGS-05455100,corn_frac_2020,0.360324,tol_1pct,
USGS-05455100,surplus_kgha_2015,73.456762,tol_1pct,
USGS-05455100,tile_frac,0.555414,tol_1pct,
USGS-05455100,precip_gridmet_mean_2020,2.484538,tol_1pct,
USGS-05457000,lat,43.63757,exact,
USGS-05457000,lon,-92.974797,exact,
USGS-05457000,water_n_days,593,exact,
USGS-05457000,water_first_day,2018-03-01,exact,
USGS-05457000,water_last_day,2019-11-13,exact,
USGS-05457000,water_median,9.0,exact,
USGS-05457000,water_max,14.9,exact,
USGS-05457000,water_n_ge10,163,exact,
USGS-05457000,basin_area_km2,1032.666,tol_5pct,delineation method changes
USGS-05457000,basin_variant,0,context,basin0-3 selection is retired in build2
USGS-05457000,grid_n_cells,95,tol_5pct,
USGS-05457000,grid_coverage,66.5029,tol_5pct,
USGS-05457000,grid_area_km2,1032.666,tol_5pct,
USGS-05457000,grid_max_dist_km,56.9271,tol_5pct,
USGS-05457000,corn_frac_2020,0.432915,tol_1pct,
USGS-05457000,surplus_kgha_2015,74.274383,tol_1pct,
USGS-05457000,tile_frac,0.693415,tol_1pct,
USGS-05457000,precip_gridmet_mean_2020,2.417319,tol_1pct,
USGS-05464475,lat,41.989416,exact,
USGS-05464475,lon,-91.759599,exact,
USGS-05464475,water_n_days,2086,exact,
USGS-05464475,water_first_day,2019-04-16,exact,
USGS-05464475,water_last_day,2026-07-24,exact,
USGS-05464475,water_median,5.27,exact,
USGS-05464475,water_max,31.9,exact,
USGS-05464475,water_n_ge10,223,exact,
USGS-05464475,basin_area_km2,45.3187,tol_5pct,delineation method changes
USGS-05464475,basin_variant,0,context,basin0-3 selection is retired in build2
USGS-05464475,grid_n_cells,9,tol_5pct,
USGS-05464475,grid_coverage,2.8353,tol_5pct,
USGS-05464475,grid_area_km2,45.3191,tol_5pct,
USGS-05464475,grid_max_dist_km,14.1888,tol_5pct,
USGS-05464475,corn_frac_2020,0.375136,tol_1pct,
USGS-05464475,surplus_kgha_2015,77.254703,tol_1pct,
USGS-05464475,tile_frac,0.549472,tol_1pct,
USGS-05464475,precip_gridmet_mean_2020,2.471397,tol_1pct,
USGS-05464500,lat,41.971945,exact,
USGS-05464500,lon,-91.667124,exact,
USGS-05464500,water_n_days,675,exact,
USGS-05464500,water_first_day,2009-04-14,exact,
USGS-05464500,water_last_day,2012-10-01,exact,
USGS-05464500,water_median,6.25,exact,
USGS-05464500,water_max,13.8,exact,
USGS-05464500,water_n_ge10,52,exact,
USGS-05464500,basin_area_km2,16860.5295,tol_5pct,delineation method changes
USGS-05464500,basin_variant,0,context,basin0-3 selection is retired in build2
USGS-05464500,grid_n_cells,1192,tol_5pct,
USGS-05464500,grid_coverage,1070.7298,tol_5pct,
USGS-05464500,grid_area_km2,16860.5855,tol_5pct,
USGS-05464500,grid_max_dist_km,354.3273,tol_5pct,
USGS-05464500,corn_frac_2020,0.467787,tol_1pct,
USGS-05464500,surplus_kgha_2015,83.81917,tol_1pct,
USGS-05464500,tile_frac,0.606469,tol_1pct,
USGS-05464500,precip_gridmet_mean_2020,2.423823,tol_1pct,
USGS-05481000,lat,42.431972,exact,duplicate-registration pair; record changes on merge
USGS-05481000,lon,-93.805944,exact,duplicate-registration pair; record changes on merge
USGS-05481000,water_n_days,1254,exact,duplicate-registration pair; record changes on merge
USGS-05481000,water_first_day,2012-03-15,exact,duplicate-registration pair; record changes on merge
USGS-05481000,water_last_day,2017-10-02,exact,duplicate-registration pair; record changes on merge
USGS-05481000,water_median,11.5,exact,duplicate-registration pair; record changes on merge
USGS-05481000,water_max,31.1,exact,duplicate-registration pair; record changes on merge
USGS-05481000,water_n_ge10,710,exact,duplicate-registration pair; record changes on merge
USGS-05481000,basin_area_km2,2187.2772,tol_5pct,delineation method changes
USGS-05481000,basin_variant,0,context,basin0-3 selection is retired in build2
USGS-05481000,grid_n_cells,174,tol_5pct,
USGS-05481000,grid_coverage,138.6105,tol_5pct,
USGS-05481000,grid_area_km2,2187.2797,tol_5pct,
USGS-05481000,grid_max_dist_km,107.7481,tol_5pct,
USGS-05481000,corn_frac_2020,0.521459,tol_1pct,
USGS-05481000,surplus_kgha_2015,124.984445,tol_1pct,
USGS-05481000,tile_frac,0.764513,tol_1pct,
USGS-05481000,precip_gridmet_mean_2020,1.863418,tol_1pct,
USGS-05482000,lat,41.611944,exact,
USGS-05482000,lon,-93.619722,exact,
USGS-05482000,water_n_days,3548,exact,
USGS-05482000,water_first_day,2016-04-01,exact,
USGS-05482000,water_last_day,2026-07-24,exact,
USGS-05482000,water_median,5.38,exact,
USGS-05482000,water_max,17.5,exact,
USGS-05482000,water_n_ge10,556,exact,
USGS-05482000,basin_area_km2,16217.8913,tol_5pct,delineation method changes
USGS-05482000,basin_variant,0,context,basin0-3 selection is retired in build2
USGS-05482000,grid_n_cells,1206,tol_5pct,
USGS-05482000,grid_coverage,1031.6125,tol_5pct,
USGS-05482000,grid_area_km2,16217.9181,tol_5pct,
USGS-05482000,grid_max_dist_km,491.7438,tol_5pct,
USGS-05482000,corn_frac_2020,0.458552,tol_1pct,
USGS-05482000,surplus_kgha_2015,84.966762,tol_1pct,
USGS-05482000,tile_frac,0.639103,tol_1pct,
USGS-05482000,precip_gridmet_mean_2020,1.764218,tol_1pct,
USGS-05482300,lat,42.354556,exact,
USGS-05482300,lon,-94.991028,exact,
USGS-05482300,water_n_days,5937,exact,
USGS-05482300,water_first_day,2008-03-27,exact,
USGS-05482300,water_last_day,2026-07-24,exact,
USGS-05482300,water_median,10.2,exact,
USGS-05482300,water_max,31.1,exact,
USGS-05482300,water_n_ge10,3095,exact,
USGS-05482300,basin_area_km2,1809.054,tol_5pct,delineation method changes
USGS-05482300,basin_variant,0,context,basin0-3 selection is retired in build2
USGS-05482300,grid_n_cells,147,tol_5pct,
USGS-05482300,grid_coverage,114.4327,tol_5pct,
USGS-05482300,grid_area_km2,1809.0531,tol_5pct,
USGS-05482300,grid_max_dist_km,80.8049,tol_5pct,
USGS-05482300,corn_frac_2020,0.473688,tol_1pct,
USGS-05482300,surplus_kgha_2015,103.716363,tol_1pct,
USGS-05482300,tile_frac,0.688137,tol_1pct,
USGS-05482300,precip_gridmet_mean_2020,1.590974,tol_1pct,
USGS-05482500,lat,41.987861,exact,duplicate-registration pair; record changes on merge
USGS-05482500,lon,-94.377083,exact,duplicate-registration pair; record changes on merge
USGS-05482500,water_n_days,5265,exact,duplicate-registration pair; record changes on merge
USGS-05482500,water_first_day,2008-04-03,exact,duplicate-registration pair; record changes on merge
USGS-05482500,water_last_day,2026-07-24,exact,duplicate-registration pair; record changes on merge
USGS-05482500,water_median,8.7,exact,duplicate-registration pair; record changes on merge
USGS-05482500,water_max,30.8,exact,duplicate-registration pair; record changes on merge
USGS-05482500,water_n_ge10,2079,exact,duplicate-registration pair; record changes on merge
USGS-05482500,basin_area_km2,4178.8265,tol_5pct,delineation method changes
USGS-05482500,basin_variant,0,context,basin0-3 selection is retired in build2
USGS-05482500,grid_n_cells,318,tol_5pct,
USGS-05482500,grid_coverage,263.477,tol_5pct,
USGS-05482500,grid_area_km2,4178.8243,tol_5pct,
USGS-05482500,grid_max_dist_km,169.2158,tol_5pct,
USGS-05482500,corn_frac_2020,0.478626,tol_1pct,
USGS-05482500,surplus_kgha_2015,100.970176,tol_1pct,
USGS-05482500,tile_frac,0.656918,tol_1pct,
USGS-05482500,precip_gridmet_mean_2020,1.561501,tol_1pct,
USGS-05483600,lat,41.687417,exact,duplicate-registration pair; record changes on merge
USGS-05483600,lon,-94.371056,exact,duplicate-registration pair; record changes on merge
USGS-05483600,water_n_days,1490,exact,duplicate-registration pair; record changes on merge
USGS-05483600,water_first_day,2010-05-18,exact,duplicate-registration pair; record changes on merge
USGS-05483600,water_last_day,2015-11-10,exact,duplicate-registration pair; record changes on merge
USGS-05483600,water_median,6.38,exact,duplicate-registration pair; record changes on merge
USGS-05483600,water_max,22.9,exact,duplicate-registration pair; record changes on merge
USGS-05483600,water_n_ge10,364,exact,duplicate-registration pair; record changes on merge
USGS-05483600,basin_area_km2,1117.1351,tol_5pct,delineation method changes
USGS-05483600,basin_variant,0,context,basin0-3 selection is retired in build2
USGS-05483600,grid_n_cells,106,tol_5pct,
USGS-05483600,grid_coverage,69.8837,tol_5pct,
USGS-05483600,grid_area_km2,1117.1358,tol_5pct,
USGS-05483600,grid_max_dist_km,102.7477,tol_5pct,
USGS-05483600,corn_frac_2020,0.480125,tol_1pct,
USGS-05483600,surplus_kgha_2015,110.560085,tol_1pct,
USGS-05483600,tile_frac,0.495716,tol_1pct,
USGS-05483600,precip_gridmet_mean_2020,1.49923,tol_1pct,
USGS-05484000,lat,41.590417,exact,
USGS-05484000,lon,-94.151167,exact,
USGS-05484000,water_n_days,3657,exact,
USGS-05484000,water_first_day,2016-03-03,exact,
USGS-05484000,water_last_day,2026-07-24,exact,
USGS-05484000,water_median,5.1,exact,
USGS-05484000,water_max,15.3,exact,
USGS-05484000,water_n_ge10,469,exact,
USGS-05484000,basin_area_km2,2569.566,tol_5pct,delineation method changes
USGS-05484000,basin_variant,0,context,basin0-3 selection is retired in build2
USGS-05484000,grid_n_cells,206,tol_5pct,
USGS-05484000,grid_coverage,160.4102,tol_5pct,
USGS-05484000,grid_area_km2,2569.5632,tol_5pct,
USGS-05484000,grid_max_dist_km,130.7528,tol_5pct,
USGS-05484000,corn_frac_2020,0.402103,tol_1pct,
USGS-05484000,surplus_kgha_2015,85.56493,tol_1pct,
USGS-05484000,tile_frac,0.417791,tol_1pct,
USGS-05484000,precip_gridmet_mean_2020,1.519524,tol_1pct,
USGS-05484500,lat,41.534028,exact,
USGS-05484500,lon,-93.949778,exact,
USGS-05484500,water_n_days,4857,exact,
USGS-05484500,water_first_day,2012-03-02,exact,
USGS-05484500,water_last_day,2026-07-24,exact,
USGS-05484500,water_median,6.76,exact,
USGS-05484500,water_max,20.7,exact,
USGS-05484500,water_n_ge10,1275,exact,
USGS-05484500,basin_area_km2,8874.0338,tol_5pct,delineation method changes
USGS-05484500,basin_variant,0,context,basin0-3 selection is retired in build2
USGS-05484500,grid_n_cells,636,tol_5pct,
USGS-05484500,grid_coverage,556.8563,tol_5pct,
USGS-05484500,grid_area_km2,8874.0278,tol_5pct,
USGS-05484500,grid_max_dist_km,243.5425,tol_5pct,
USGS-05484500,corn_frac_2020,0.448363,tol_1pct,
USGS-05484500,surplus_kgha_2015,90.179773,tol_1pct,
USGS-05484500,tile_frac,0.586538,tol_1pct,
USGS-05484500,precip_gridmet_mean_2020,1.58113,tol_1pct,
USGS-05559900,lat,40.725037,exact,
USGS-05559900,lon,-89.54954,exact,
USGS-05559900,water_n_days,1074,exact,
USGS-05559900,water_first_day,2023-03-23,exact,
USGS-05559900,water_last_day,2026-05-01,exact,
USGS-05559900,water_median,3.8,exact,
USGS-05559900,water_max,9.2,exact,
USGS-05559900,water_n_ge10,0,exact,
USGS-05559900,basin_area_km2,36513.874,tol_5pct,delineation method changes
USGS-05559900,basin_variant,0,context,basin0-3 selection is retired in build2
USGS-05559900,grid_n_cells,2508,tol_5pct,
USGS-05559900,grid_coverage,2265.9989,tol_5pct,
USGS-05559900,grid_area_km2,36513.9785,tol_5pct,
USGS-05559900,grid_max_dist_km,426.0338,tol_5pct,
USGS-05559900,corn_frac_2020,0.31192,tol_1pct,
USGS-05559900,surplus_kgha_2015,66.361866,tol_1pct,
USGS-05559900,tile_frac,0.346461,tol_1pct,
USGS-05559900,precip_gridmet_mean_2020,2.731539,tol_1pct,
USGS-05568705,lat,40.326583,exact,
USGS-05568705,lon,-89.914111,exact,
USGS-05568705,water_n_days,1263,exact,
USGS-05568705,water_first_day,2022-06-07,exact,
USGS-05568705,water_last_day,2026-07-24,exact,
USGS-05568705,water_median,1.12,exact,
USGS-05568705,water_max,15.6,exact,
USGS-05568705,water_n_ge10,28,exact,
USGS-05568705,basin_area_km2,478.746,tol_5pct,delineation method changes
USGS-05568705,basin_variant,0,context,basin0-3 selection is retired in build2
USGS-05568705,grid_n_cells,49,tol_5pct,
USGS-05568705,grid_coverage,29.226,tol_5pct,
USGS-05568705,grid_area_km2,478.7466,tol_5pct,
USGS-05568705,grid_max_dist_km,49.5406,tol_5pct,
USGS-05568705,corn_frac_2020,0.51338,tol_1pct,
USGS-05568705,surplus_kgha_2015,69.829455,tol_1pct,
USGS-05568705,tile_frac,0.266723,tol_1pct,
USGS-05568705,precip_gridmet_mean_2020,2.428127,tol_1pct,
USGS-06478513,lat,42.995833,exact,
USGS-06478513,lon,-97.369444,exact,
USGS-06478513,water_n_days,1095,exact,
USGS-06478513,water_first_day,2019-04-29,exact,
USGS-06478513,water_last_day,2026-07-24,exact,
USGS-06478513,water_median,0.7,exact,
USGS-06478513,water_max,10.0,exact,
USGS-06478513,water_n_ge10,1,exact,
USGS-06478513,basin_area_km2,47637.8289,tol_5pct,delineation method changes
USGS-06478513,basin_variant,0,context,basin0-3 selection is retired in build2
USGS-06478513,grid_n_cells,3576,tol_5pct,
USGS-06478513,grid_coverage,3151.2796,tol_5pct,
USGS-06478513,grid_area_km2,47637.7296,tol_5pct,
USGS-06478513,grid_max_dist_km,808.1207,tol_5pct,
USGS-06478513,corn_frac_2020,0.146547,tol_1pct,
USGS-06478513,surplus_kgha_2015,36.719251,tol_1pct,
USGS-06478513,tile_frac,0.008358,tol_1pct,
USGS-06478513,precip_gridmet_mean_2020,1.270755,tol_1pct,
USGS-06480000,lat,44.180278,exact,
USGS-06480000,lon,-96.749167,exact,
USGS-06480000,water_n_days,464,exact,
USGS-06480000,water_first_day,2024-04-10,exact,
USGS-06480000,water_last_day,2026-07-24,exact,
USGS-06480000,water_median,1.4,exact,
USGS-06480000,water_max,3.7,exact,
USGS-06480000,water_n_ge10,0,exact,
USGS-06480000,basin_area_km2,6081.2514,tol_5pct,delineation method changes
USGS-06480000,basin_variant,0,context,basin0-3 selection is retired in build2
USGS-06480000,grid_n_cells,505,tol_5pct,
USGS-06480000,grid_coverage,397.2242,tol_5pct,
USGS-06480000,grid_area_km2,6081.2645,tol_5pct,
USGS-06480000,grid_max_dist_km,205.3558,tol_5pct,
USGS-06480000,corn_frac_2020,0.261122,tol_1pct,
USGS-06480000,surplus_kgha_2015,57.662857,tol_1pct,
USGS-06480000,tile_frac,0.072639,tol_1pct,
USGS-06480000,precip_gridmet_mean_2020,1.433698,tol_1pct,
USGS-06481000,lat,43.790472,exact,
USGS-06481000,lon,-96.745333,exact,
USGS-06481000,water_n_days,1139,exact,
USGS-06481000,water_first_day,2017-04-06,exact,
USGS-06481000,water_last_day,2023-07-18,exact,
USGS-06481000,water_median,1.4,exact,
USGS-06481000,water_max,6.5,exact,
USGS-06481000,water_n_ge10,0,exact,
USGS-06481000,basin_area_km2,7599.4709,tol_5pct,delineation method changes
USGS-06481000,basin_variant,0,context,basin0-3 selection is retired in build2
USGS-06481000,grid_n_cells,612,tol_5pct,
USGS-06481000,grid_coverage,495.4544,tol_5pct,
USGS-06481000,grid_area_km2,7599.4885,tol_5pct,
USGS-06481000,grid_max_dist_km,276.6472,tol_5pct,
USGS-06481000,corn_frac_2020,0.282562,tol_1pct,
USGS-06481000,surplus_kgha_2015,58.951562,tol_1pct,
USGS-06481000,tile_frac,0.090773,tol_1pct,
USGS-06481000,precip_gridmet_mean_2020,1.438336,tol_1pct,
USGS-06603750,lat,43.458694,exact,
USGS-06603750,lon,-95.343583,exact,
USGS-06603750,water_n_days,376,exact,
USGS-06603750,water_first_day,2016-05-05,exact,
USGS-06603750,water_last_day,2017-10-04,exact,
USGS-06603750,water_median,16.8,exact,
USGS-06603750,water_max,25.6,exact,
USGS-06603750,water_n_ge10,321,exact,
USGS-06603750,basin_area_km2,43.5051,tol_5pct,delineation method changes
USGS-06603750,basin_variant,0,context,basin0-3 selection is retired in build2
USGS-06603750,grid_n_cells,10,tol_5pct,
USGS-06603750,grid_coverage,2.7877,tol_5pct,
USGS-06603750,grid_area_km2,43.5051,tol_5pct,
USGS-06603750,grid_max_dist_km,13.7811,tol_5pct,
USGS-06603750,corn_frac_2020,0.52593,tol_1pct,
USGS-06603750,surplus_kgha_2015,102.885495,tol_1pct,
USGS-06603750,tile_frac,0.555496,tol_1pct,
USGS-06603750,precip_gridmet_mean_2020,1.543763,tol_1pct,
USGS-06604440,lat,43.212778,exact,
USGS-06604440,lon,-95.239167,exact,
USGS-06604440,water_n_days,807,exact,
USGS-06604440,water_first_day,2012-06-01,exact,
USGS-06604440,water_last_day,2015-10-01,exact,
USGS-06604440,water_median,3.52,exact,
USGS-06604440,water_max,15.6,exact,
USGS-06604440,water_n_ge10,29,exact,
USGS-06604440,basin_area_km2,1387.8476,tol_5pct,delineation method changes
USGS-06604440,basin_variant,0,context,basin0-3 selection is retired in build2
USGS-06604440,grid_n_cells,121,tol_5pct,
USGS-06604440,grid_coverage,88.931,tol_5pct,
USGS-06604440,grid_area_km2,1387.8495,tol_5pct,
USGS-06604440,grid_max_dist_km,81.0771,tol_5pct,
USGS-06604440,corn_frac_2020,0.376501,tol_1pct,
USGS-06604440,surplus_kgha_2015,61.910522,tol_1pct,
USGS-06604440,tile_frac,0.464676,tol_1pct,
USGS-06604440,precip_gridmet_mean_2020,1.626076,tol_1pct,
USGS-06808500,lat,40.873278,exact,
USGS-06808500,lon,-95.581444,exact,
USGS-06808500,water_n_days,2650,exact,
USGS-06808500,water_first_day,2016-03-02,exact,
USGS-06808500,water_last_day,2026-07-24,exact,
USGS-06808500,water_median,6.5,exact,
USGS-06808500,water_max,15.2,exact,
USGS-06808500,water_n_ge10,191,exact,
USGS-06808500,basin_area_km2,3427.6674,tol_5pct,delineation method changes
USGS-06808500,basin_variant,0,context,basin0-3 selection is retired in build2
USGS-06808500,grid_n_cells,267,tol_5pct,
USGS-06808500,grid_coverage,212.8015,tol_5pct,
USGS-06808500,grid_area_km2,3427.6846,tol_5pct,
USGS-06808500,grid_max_dist_km,162.1774,tol_5pct,
USGS-06808500,corn_frac_2020,0.464113,tol_1pct,
USGS-06808500,surplus_kgha_2015,72.027737,tol_1pct,
USGS-06808500,tile_frac,0.181142,tol_1pct,
USGS-06808500,precip_gridmet_mean_2020,1.55586,tol_1pct,
USGS-06817000,lat,40.743222,exact,
USGS-06817000,lon,-95.014528,exact,
USGS-06817000,water_n_days,3259,exact,
USGS-06817000,water_first_day,2012-05-30,exact,
USGS-06817000,water_last_day,2026-07-24,exact,
USGS-06817000,water_median,3.2,exact,
USGS-06817000,water_max,16.2,exact,
USGS-06817000,water_n_ge10,152,exact,
USGS-06817000,basin_area_km2,1984.1304,tol_5pct,delineation method changes
USGS-06817000,basin_variant,0,context,basin0-3 selection is retired in build2
USGS-06817000,grid_n_cells,162,tol_5pct,
USGS-06817000,grid_coverage,122.6332,tol_5pct,
USGS-06817000,grid_area_km2,1984.1448,tol_5pct,
USGS-06817000,grid_max_dist_km,112.4253,tol_5pct,
USGS-06817000,corn_frac_2020,0.31592,tol_1pct,
USGS-06817000,surplus_kgha_2015,45.571676,tol_1pct,
USGS-06817000,tile_frac,0.356984,tol_1pct,
USGS-06817000,precip_gridmet_mean_2020,1.70823,tol_1pct,
USGS-06819550,lat,40.431111,exact,
USGS-06819550,lon,-94.772222,exact,
USGS-06819550,water_n_days,1177,exact,
USGS-06819550,water_first_day,2022-03-16,exact,
USGS-06819550,water_last_day,2026-07-24,exact,
USGS-06819550,water_median,1.97,exact,
USGS-06819550,water_max,32.0,exact,
USGS-06819550,water_n_ge10,39,exact,
USGS-06819550,basin_area_km2,27.7347,tol_5pct,delineation method changes
USGS-06819550,basin_variant,0,context,basin0-3 selection is retired in build2
USGS-06819550,grid_n_cells,7,tol_5pct,
USGS-06819550,grid_coverage,1.6963,tol_5pct,
USGS-06819550,grid_area_km2,27.7346,tol_5pct,
USGS-06819550,grid_max_dist_km,10.235,tol_5pct,
USGS-06819550,corn_frac_2020,0.20498,tol_1pct,
USGS-06819550,surplus_kgha_2015,40.430919,tol_1pct,
USGS-06819550,tile_frac,0.189353,tol_1pct,
USGS-06819550,precip_gridmet_mean_2020,2.110818,tol_1pct,
USGS-06899900,lat,40.454444,exact,
USGS-06899900,lon,-93.286389,exact,
USGS-06899900,water_n_days,1193,exact,
USGS-06899900,water_first_day,2020-08-11,exact,
USGS-06899900,water_last_day,2026-07-24,exact,
USGS-06899900,water_median,0.6,exact,
USGS-06899900,water_max,14.9,exact,
USGS-06899900,water_n_ge10,29,exact,
USGS-06899900,basin_area_km2,304.8934,tol_5pct,delineation method changes
USGS-06899900,basin_variant,0,context,basin0-3 selection is retired in build2
USGS-06899900,grid_n_cells,30,tol_5pct,
USGS-06899900,grid_coverage,18.6846,tol_5pct,
USGS-06899900,grid_area_km2,304.8938,tol_5pct,
USGS-06899900,grid_max_dist_km,32.21,tol_5pct,
USGS-06899900,corn_frac_2020,0.108582,tol_1pct,
USGS-06899900,surplus_kgha_2015,37.77933,tol_1pct,
USGS-06899900,tile_frac,0.018754,tol_1pct,
USGS-06899900,precip_gridmet_mean_2020,2.511437,tol_1pct,
USGS-06900050,lat,40.026611,exact,
USGS-06900050,lon,-93.436222,exact,
USGS-06900050,water_n_days,1191,exact,
USGS-06900050,water_first_day,2020-08-11,exact,
USGS-06900050,water_last_day,2026-07-24,exact,
USGS-06900050,water_median,0.5,exact,
USGS-06900050,water_max,36.8,exact,
USGS-06900050,water_n_ge10,15,exact,
USGS-06900050,basin_area_km2,956.8422,tol_5pct,delineation method changes
USGS-06900050,basin_variant,0,context,basin0-3 selection is retired in build2
USGS-06900050,grid_n_cells,85,tol_5pct,
USGS-06900050,grid_coverage,58.4765,tol_5pct,
USGS-06900050,grid_area_km2,956.8452,tol_5pct,
USGS-06900050,grid_max_dist_km,86.7144,tol_5pct,
USGS-06900050,corn_frac_2020,0.087823,tol_1pct,
USGS-06900050,surplus_kgha_2015,33.359,tol_1pct,
USGS-06900050,tile_frac,0.019934,tol_1pct,
USGS-06900050,precip_gridmet_mean_2020,2.71258,tol_1pct,
USGS-06901500,lat,39.895944,exact,
USGS-06901500,lon,-93.236528,exact,
USGS-06901500,water_n_days,1221,exact,
USGS-06901500,water_first_day,2020-08-12,exact,
USGS-06901500,water_last_day,2026-07-24,exact,
USGS-06901500,water_median,0.9,exact,
USGS-06901500,water_max,16.1,exact,
USGS-06901500,water_n_ge10,7,exact,
USGS-06901500,basin_area_km2,1438.4219,tol_5pct,delineation method changes
USGS-06901500,basin_variant,0,context,basin0-3 selection is retired in build2
USGS-06901500,grid_n_cells,123,tol_5pct,
USGS-06901500,grid_coverage,87.752,tol_5pct,
USGS-06901500,grid_area_km2,1438.4256,tol_5pct,
USGS-06901500,grid_max_dist_km,104.291,tol_5pct,
USGS-06901500,corn_frac_2020,0.057139,tol_1pct,
USGS-06901500,surplus_kgha_2015,39.170173,tol_1pct,
USGS-06901500,tile_frac,0.014194,tol_1pct,
USGS-06901500,precip_gridmet_mean_2020,2.795136,tol_1pct,
WQS0001,lat,41.6938,exact,
WQS0001,lon,-91.5481,exact,
WQS0001,water_n_days,4408,exact,
WQS0001,water_first_day,2012-08-28,exact,
WQS0001,water_last_day,2026-06-08,exact,
WQS0001,water_median,4.85,exact,
WQS0001,water_max,25.97,exact,
WQS0001,water_n_ge10,539,exact,
WQS0001,basin_area_km2,8145.0679,tol_5pct,delineation method changes
WQS0001,basin_variant,1,context,basin0-3 selection is retired in build2
WQS0001,grid_n_cells,635,tol_5pct,
WQS0001,grid_coverage,511.6683,tol_5pct,
WQS0001,grid_area_km2,8145.0918,tol_5pct,
WQS0001,grid_max_dist_km,372.3815,tol_5pct,
WQS0001,corn_frac_2020,0.443448,tol_1pct,
WQS0001,surplus_kgha_2015,89.289961,tol_1pct,
WQS0001,tile_frac,0.535305,tol_1pct,
WQS0001,precip_gridmet_mean_2020,2.268199,tol_1pct,
WQS0002,lat,41.6765,exact,
WQS0002,lon,-91.5983,exact,
WQS0002,water_n_days,3363,exact,
WQS0002,water_first_day,2012-05-29,exact,
WQS0002,water_last_day,2025-12-27,exact,
WQS0002,water_median,5.2114,exact,
WQS0002,water_max,45.85,exact,
WQS0002,water_n_ge10,192,exact,
WQS0002,basin_area_km2,257.3554,tol_5pct,delineation method changes
WQS0002,basin_variant,1,context,basin0-3 selection is retired in build2
WQS0002,grid_n_cells,32,tol_5pct,
WQS0002,grid_coverage,16.0379,tol_5pct,
WQS0002,grid_area_km2,257.356,tol_5pct,
WQS0002,grid_max_dist_km,40.6977,tol_5pct,
WQS0002,corn_frac_2020,0.33976,tol_1pct,
WQS0002,surplus_kgha_2015,72.480739,tol_1pct,
WQS0002,tile_frac,0.401314,tol_1pct,
WQS0002,precip_gridmet_mean_2020,2.606117,tol_1pct,
WQS0003,lat,41.7183,exact,
WQS0003,lon,-91.7403,exact,
WQS0003,water_n_days,3040,exact,
WQS0003,water_first_day,2012-05-30,exact,
WQS0003,water_last_day,2024-12-17,exact,
WQS0003,water_median,6.605,exact,
WQS0003,water_max,25.97,exact,
WQS0003,water_n_ge10,469,exact,
WQS0003,basin_area_km2,165.1249,tol_5pct,delineation method changes
WQS0003,basin_variant,1,context,basin0-3 selection is retired in build2
WQS0003,grid_n_cells,21,tol_5pct,
WQS0003,grid_coverage,10.2912,tol_5pct,
WQS0003,grid_area_km2,165.1252,tol_5pct,
WQS0003,grid_max_dist_km,25.8964,tol_5pct,
WQS0003,corn_frac_2020,0.410164,tol_1pct,
WQS0003,surplus_kgha_2015,73.558716,tol_1pct,
WQS0003,tile_frac,0.442075,tol_1pct,
WQS0003,precip_gridmet_mean_2020,2.530311,tol_1pct,
WQS0004,lat,41.7012,exact,
WQS0004,lon,-91.8572,exact,
WQS0004,water_n_days,526,exact,
WQS0004,water_first_day,2012-06-01,exact,
WQS0004,water_last_day,2015-02-26,exact,
WQS0004,water_median,7.6302,exact,
WQS0004,water_max,14.6022,exact,
WQS0004,water_n_ge10,169,exact,
WQS0004,basin_area_km2,21.9954,tol_5pct,delineation method changes
WQS0004,basin_variant,1,context,basin0-3 selection is retired in build2
WQS0004,grid_n_cells,4,tol_5pct,
WQS0004,grid_coverage,1.3702,tol_5pct,
WQS0004,grid_area_km2,21.9954,tol_5pct,
WQS0004,grid_max_dist_km,12.1434,tol_5pct,
WQS0004,corn_frac_2020,0.516055,tol_1pct,
WQS0004,surplus_kgha_2015,77.861287,tol_1pct,
WQS0004,tile_frac,0.679091,tol_1pct,
WQS0004,precip_gridmet_mean_2020,2.527823,tol_1pct,
WQS0005,lat,41.4694,exact,
WQS0005,lon,-91.7147,exact,
WQS0005,water_n_days,2969,exact,
WQS0005,water_first_day,2012-06-01,exact,
WQS0005,water_last_day,2026-06-08,exact,
WQS0005,water_median,4.47,exact,
WQS0005,water_max,25.97,exact,
WQS0005,water_n_ge10,312,exact,
WQS0005,basin_area_km2,1488.229,tol_5pct,delineation method changes
WQS0005,basin_variant,1,context,basin0-3 selection is retired in build2
WQS0005,grid_n_cells,129,tol_5pct,
WQS0005,grid_coverage,92.5238,tol_5pct,
WQS0005,grid_area_km2,1488.2326,tol_5pct,
WQS0005,grid_max_dist_km,105.8107,tol_5pct,
WQS0005,corn_frac_2020,0.384972,tol_1pct,
WQS0005,surplus_kgha_2015,80.066776,tol_1pct,
WQS0005,tile_frac,0.515195,tol_1pct,
WQS0005,precip_gridmet_mean_2020,2.332343,tol_1pct,
WQS0006,lat,41.4238,exact,
WQS0006,lon,-91.4787,exact,
WQS0006,water_n_days,1366,exact,
WQS0006,water_first_day,2012-06-03,exact,
WQS0006,water_last_day,2017-11-13,exact,
WQS0006,water_median,6.0669,exact,
WQS0006,water_max,25.9677,exact,
WQS0006,water_n_ge10,121,exact,
WQS0006,basin_area_km2,11098.7738,tol_5pct,delineation method changes
WQS0006,basin_variant,1,context,basin0-3 selection is retired in build2
WQS0006,grid_n_cells,825,tol_5pct,
WQS0006,grid_coverage,695.3665,tol_5pct,
WQS0006,grid_area_km2,11098.8024,tol_5pct,
WQS0006,grid_max_dist_km,411.3857,tol_5pct,
WQS0006,corn_frac_2020,0.420514,tol_1pct,
WQS0006,surplus_kgha_2015,87.92736,tol_1pct,
WQS0006,tile_frac,0.523644,tol_1pct,
WQS0006,precip_gridmet_mean_2020,2.314104,tol_1pct,
WQS0007,lat,41.4098,exact,
WQS0007,lon,-91.2904,exact,
WQS0007,water_n_days,3254,exact,
WQS0007,water_first_day,2012-07-10,exact,
WQS0007,water_last_day,2026-06-08,exact,
WQS0007,water_median,5.45,exact,
WQS0007,water_max,45.4,exact,
WQS0007,water_n_ge10,348,exact,
WQS0007,basin_area_km2,20156.0594,tol_5pct,delineation method changes
WQS0007,basin_variant,1,context,basin0-3 selection is retired in build2
WQS0007,grid_n_cells,1441,tol_5pct,
WQS0007,grid_coverage,1276.3219,tol_5pct,
WQS0007,grid_area_km2,20156.0988,tol_5pct,
WQS0007,grid_max_dist_km,472.6176,tol_5pct,
WQS0007,corn_frac_2020,0.456638,tol_1pct,
WQS0007,surplus_kgha_2015,83.319155,tol_1pct,
WQS0007,tile_frac,0.585967,tol_1pct,
WQS0007,precip_gridmet_mean_2020,2.466656,tol_1pct,
WQS0008,lat,43.21,exact,
WQS0008,lon,-92.7503,exact,
WQS0008,water_n_days,1795,exact,
WQS0008,water_first_day,2013-05-10,exact,
WQS0008,water_last_day,2023-10-29,exact,
WQS0008,water_median,5.1697,exact,
WQS0008,water_max,32.74,exact,
WQS0008,water_n_ge10,353,exact,
WQS0008,basin_area_km2,19.0164,tol_5pct,delineation method changes
WQS0008,basin_variant,1,context,basin0-3 selection is retired in build2
WQS0008,grid_n_cells,4,tol_5pct,
WQS0008,grid_coverage,1.2134,tol_5pct,
WQS0008,grid_area_km2,19.0165,tol_5pct,
WQS0008,grid_max_dist_km,4.6985,tol_5pct,
WQS0008,corn_frac_2020,0.460804,tol_1pct,
WQS0008,surplus_kgha_2015,103.244143,tol_1pct,
WQS0008,tile_frac,0.60441,tol_1pct,
WQS0008,precip_gridmet_mean_2020,2.093662,tol_1pct,
WQS0009,lat,42.9524,exact,
WQS0009,lon,-91.6432,exact,
WQS0009,water_n_days,996,exact,
WQS0009,water_first_day,2013-07-05,exact,
WQS0009,water_last_day,2017-11-21,exact,
WQS0009,water_median,6.5555,exact,
WQS0009,water_max,25.97,exact,
WQS0009,water_n_ge10,39,exact,
WQS0009,basin_area_km2,121.3659,tol_5pct,delineation method changes
WQS0009,basin_variant,1,context,basin0-3 selection is retired in build2
WQS0009,grid_n_cells,17,tol_5pct,
WQS0009,grid_coverage,7.7107,tol_5pct,
WQS0009,grid_area_km2,121.3659,tol_5pct,
WQS0009,grid_max_dist_km,27.1756,tol_5pct,
WQS0009,corn_frac_2020,0.397658,tol_1pct,
WQS0009,surplus_kgha_2015,83.286418,tol_1pct,
WQS0009,tile_frac,0.300708,tol_1pct,
WQS0009,precip_gridmet_mean_2020,2.62303,tol_1pct,
WQS0010,lat,40.7531,exact,
WQS0010,lon,-91.2756,exact,
WQS0010,water_n_days,2560,exact,
WQS0010,water_first_day,2013-07-02,exact,
WQS0010,water_last_day,2025-09-16,exact,
WQS0010,water_median,5.56,exact,
WQS0010,water_max,25.97,exact,
WQS0010,water_n_ge10,321,exact,
WQS0010,basin_area_km2,11165.6632,tol_5pct,delineation method changes
WQS0010,basin_variant,1,context,basin0-3 selection is retired in build2
WQS0010,grid_n_cells,814,tol_5pct,
WQS0010,grid_coverage,693.6702,tol_5pct,
WQS0010,grid_area_km2,11165.6682,tol_5pct,
WQS0010,grid_max_dist_km,378.526,tol_5pct,
WQS0010,corn_frac_2020,0.375232,tol_1pct,
WQS0010,surplus_kgha_2015,74.646777,tol_1pct,
WQS0010,tile_frac,0.427207,tol_1pct,
WQS0010,precip_gridmet_mean_2020,2.312659,tol_1pct,
WQS0011,lat,41.7305,exact,
WQS0011,lon,-91.9071,exact,
WQS0011,water_n_days,1210,exact,
WQS0011,water_first_day,2014-06-20,exact,
WQS0011,water_last_day,2019-01-03,exact,
WQS0011,water_median,8.79,exact,
WQS0011,water_max,25.97,exact,
WQS0011,water_n_ge10,425,exact,
WQS0011,basin_area_km2,26.5706,tol_5pct,delineation method changes
WQS0011,basin_variant,1,context,basin0-3 selection is retired in build2
WQS0011,grid_n_cells,6,tol_5pct,
WQS0011,grid_coverage,1.6565,tol_5pct,
WQS0011,grid_area_km2,26.5707,tol_5pct,
WQS0011,grid_max_dist_km,7.9485,tol_5pct,
WQS0011,corn_frac_2020,0.464551,tol_1pct,
WQS0011,surplus_kgha_2015,70.436634,tol_1pct,
WQS0011,tile_frac,0.413795,tol_1pct,
WQS0011,precip_gridmet_mean_2020,2.530341,tol_1pct,
WQS0012,lat,43.2063,exact,
WQS0012,lon,-92.7323,exact,
WQS0012,water_n_days,2148,exact,
WQS0012,water_first_day,2014-06-23,exact,
WQS0012,water_last_day,2023-11-14,exact,
WQS0012,water_median,8.3889,exact,
WQS0012,water_max,25.97,exact,
WQS0012,water_n_ge10,785,exact,
WQS0012,basin_area_km2,10.1873,tol_5pct,delineation method changes
WQS0012,basin_variant,1,context,basin0-3 selection is retired in build2
WQS0012,grid_n_cells,3,tol_5pct,
WQS0012,grid_coverage,0.6501,tol_5pct,
WQS0012,grid_area_km2,10.1873,tol_5pct,
WQS0012,grid_max_dist_km,5.903,tol_5pct,
WQS0012,corn_frac_2020,0.528256,tol_1pct,
WQS0012,surplus_kgha_2015,111.408776,tol_1pct,
WQS0012,tile_frac,0.619082,tol_1pct,
WQS0012,precip_gridmet_mean_2020,2.068168,tol_1pct,
WQS0013,lat,43.0668,exact,
WQS0013,lon,-92.5283,exact,
WQS0013,water_n_days,1615,exact,
WQS0013,water_first_day,2014-06-23,exact,
WQS0013,water_last_day,2022-12-12,exact,
WQS0013,water_median,8.35,exact,
WQS0013,water_max,33.84,exact,
WQS0013,water_n_ge10,445,exact,
WQS0013,basin_area_km2,44.7865,tol_5pct,delineation method changes
WQS0013,basin_variant,1,context,basin0-3 selection is retired in build2
WQS0013,grid_n_cells,9,tol_5pct,
WQS0013,grid_coverage,2.8535,tol_5pct,
WQS0013,grid_area_km2,44.7866,tol_5pct,
WQS0013,grid_max_dist_km,14.9505,tol_5pct,
WQS0013,corn_frac_2020,0.402558,tol_1pct,
WQS0013,surplus_kgha_2015,92.463193,tol_1pct,
WQS0013,tile_frac,0.618206,tol_1pct,
WQS0013,precip_gridmet_mean_2020,2.376874,tol_1pct,
WQS0014,lat,43.1342,exact,
WQS0014,lon,-92.5675,exact,
WQS0014,water_n_days,1582,exact,
WQS0014,water_first_day,2014-06-23,exact,
WQS0014,water_last_day,2022-11-19,exact,
WQS0014,water_median,7.02,exact,
WQS0014,water_max,49.58,exact,
WQS0014,water_n_ge10,402,exact,
WQS0014,basin_area_km2,21.9339,tol_5pct,delineation method changes
WQS0014,basin_variant,1,context,basin0-3 selection is retired in build2
WQS0014,grid_n_cells,5,tol_5pct,
WQS0014,grid_coverage,1.3981,tol_5pct,
WQS0014,grid_area_km2,21.9339,tol_5pct,
WQS0014,grid_max_dist_km,6.8311,tol_5pct,
WQS0014,corn_frac_2020,0.420025,tol_1pct,
WQS0014,surplus_kgha_2015,98.067634,tol_1pct,
WQS0014,tile_frac,0.723289,tol_1pct,
WQS0014,precip_gridmet_mean_2020,2.352772,tol_1pct,
WQS0015,lat,42.9501,exact,
WQS0015,lon,-91.7538,exact,
WQS0015,water_n_days,636,exact,
WQS0015,water_first_day,2014-06-23,exact,
WQS0015,water_last_day,2017-03-28,exact,
WQS0015,water_median,9.7476,exact,
WQS0015,water_max,15.99,exact,
WQS0015,water_n_ge10,282,exact,
WQS0015,basin_area_km2,68.4068,tol_5pct,delineation method changes
WQS0015,basin_variant,1,context,basin0-3 selection is retired in build2
WQS0015,grid_n_cells,12,tol_5pct,
WQS0015,grid_coverage,4.3466,tol_5pct,
WQS0015,grid_area_km2,68.4068,tol_5pct,
WQS0015,grid_max_dist_km,15.0535,tol_5pct,
WQS0015,corn_frac_2020,0.475173,tol_1pct,
WQS0015,surplus_kgha_2015,88.516799,tol_1pct,
WQS0015,tile_frac,0.414541,tol_1pct,
WQS0015,precip_gridmet_mean_2020,2.656457,tol_1pct,
WQS0016,lat,42.9472,exact,
WQS0016,lon,-91.7951,exact,
WQS0016,water_n_days,767,exact,
WQS0016,water_first_day,2014-06-23,exact,
WQS0016,water_last_day,2017-11-21,exact,
WQS0016,water_median,12.0441,exact,
WQS0016,water_max,24.03,exact,
WQS0016,water_n_ge10,647,exact,
WQS0016,basin_area_km2,42.2457,tol_5pct,delineation method changes
WQS0016,basin_variant,1,context,basin0-3 selection is retired in build2
WQS0016,grid_n_cells,8,tol_5pct,
WQS0016,grid_coverage,2.684,tol_5pct,
WQS0016,grid_area_km2,42.2457,tol_5pct,
WQS0016,grid_max_dist_km,10.4815,tol_5pct,
WQS0016,corn_frac_2020,0.495844,tol_1pct,
WQS0016,surplus_kgha_2015,90.5418,tol_1pct,
WQS0016,tile_frac,0.491739,tol_1pct,
WQS0016,precip_gridmet_mean_2020,2.655983,tol_1pct,
WQS0017,lat,43.1334,exact,
WQS0017,lon,-91.8895,exact,
WQS0017,water_n_days,533,exact,
WQS0017,water_first_day,2014-06-23,exact,
WQS0017,water_last_day,2016-11-09,exact,
WQS0017,water_median,7.4359,exact,
WQS0017,water_max,24.3,exact,
WQS0017,water_n_ge10,154,exact,
WQS0017,basin_area_km2,22.7559,tol_5pct,delineation method changes
WQS0017,basin_variant,1,context,basin0-3 selection is retired in build2
WQS0017,grid_n_cells,7,tol_5pct,
WQS0017,grid_coverage,1.4506,tol_5pct,
WQS0017,grid_area_km2,22.7558,tol_5pct,
WQS0017,grid_max_dist_km,7.9845,tol_5pct,
WQS0017,corn_frac_2020,0.470745,tol_1pct,
WQS0017,surplus_kgha_2015,94.463461,tol_1pct,
WQS0017,tile_frac,0.190582,tol_1pct,
WQS0017,precip_gridmet_mean_2020,2.758903,tol_1pct,
WQS0018,lat,42.874,exact,
WQS0018,lon,-91.3827,exact,
WQS0018,water_n_days,582,exact,
WQS0018,water_first_day,2014-06-23,exact,
WQS0018,water_last_day,2016-11-10,exact,
WQS0018,water_median,8.4151,exact,
WQS0018,water_max,16.44,exact,
WQS0018,water_n_ge10,204,exact,
WQS0018,basin_area_km2,301.1329,tol_5pct,delineation method changes
WQS0018,basin_variant,1,context,basin0-3 selection is retired in build2
WQS0018,grid_n_cells,33,tol_5pct,
WQS0018,grid_coverage,19.1454,tol_5pct,
WQS0018,grid_area_km2,301.1324,tol_5pct,
WQS0018,grid_max_dist_km,37.4157,tol_5pct,
WQS0018,corn_frac_2020,0.495149,tol_1pct,
WQS0018,surplus_kgha_2015,104.264819,tol_1pct,
WQS0018,tile_frac,0.351193,tol_1pct,
WQS0018,precip_gridmet_mean_2020,2.738096,tol_1pct,
WQS0021,lat,41.7217,exact,
WQS0021,lon,-91.4263,exact,
WQS0021,water_n_days,1070,exact,
WQS0021,water_first_day,2014-06-23,exact,
WQS0021,water_last_day,2018-12-03,exact,
WQS0021,water_median,8.42,exact,
WQS0021,water_max,14.68,exact,
WQS0021,water_n_ge10,237,exact,
WQS0021,basin_area_km2,15.6695,tol_5pct,delineation method changes
WQS0021,basin_variant,1,context,basin0-3 selection is retired in build2
WQS0021,grid_n_cells,4,tol_5pct,
WQS0021,grid_coverage,0.9766,tol_5pct,
WQS0021,grid_area_km2,15.6695,tol_5pct,
WQS0021,grid_max_dist_km,4.278,tol_5pct,
WQS0021,corn_frac_2020,0.447681,tol_1pct,
WQS0021,surplus_kgha_2015,80.939663,tol_1pct,
WQS0021,tile_frac,0.31013,tol_1pct,
WQS0021,precip_gridmet_mean_2020,2.830941,tol_1pct,
WQS0023,lat,41.7669,exact,
WQS0023,lon,-90.535,exact,
WQS0023,water_n_days,2726,exact,
WQS0023,water_first_day,2014-10-31,exact,
WQS0023,water_last_day,2026-06-08,exact,
WQS0023,water_median,6.105,exact,
WQS0023,water_max,25.97,exact,
WQS0023,water_n_ge10,448,exact,
WQS0023,basin_area_km2,6091.0292,tol_5pct,delineation method changes
WQS0023,basin_variant,1,context,basin0-3 selection is retired in build2
WQS0023,grid_n_cells,494,tol_5pct,
WQS0023,grid_coverage,383.893,tol_5pct,
WQS0023,grid_area_km2,6091.0005,tol_5pct,
WQS0023,grid_max_dist_km,337.875,tol_5pct,
WQS0023,corn_frac_2020,0.497873,tol_1pct,
WQS0023,surplus_kgha_2015,97.235953,tol_1pct,
WQS0023,tile_frac,0.620773,tol_1pct,
WQS0023,precip_gridmet_mean_2020,2.765523,tol_1pct,
WQS0024,lat,42.3149,exact,duplicate-registration pair; record changes on merge
WQS0024,lon,-93.1525,exact,duplicate-registration pair; record changes on merge
WQS0024,water_n_days,2612,exact,duplicate-registration pair; record changes on merge
WQS0024,water_first_day,2015-04-17,exact,duplicate-registration pair; record changes on merge
WQS0024,water_last_day,2025-11-18,exact,duplicate-registration pair; record changes on merge
WQS0024,water_median,10.7155,exact,duplicate-registration pair; record changes on merge
WQS0024,water_max,32.5,exact,duplicate-registration pair; record changes on merge
WQS0024,water_n_ge10,1372,exact,duplicate-registration pair; record changes on merge
WQS0024,basin_area_km2,582.8925,tol_5pct,delineation method changes
WQS0024,basin_variant,1,context,basin0-3 selection is retired in build2
WQS0024,grid_n_cells,60,tol_5pct,
WQS0024,grid_coverage,36.7352,tol_5pct,
WQS0024,grid_area_km2,582.8927,tol_5pct,
WQS0024,grid_max_dist_km,72.411,tol_5pct,
WQS0024,corn_frac_2020,0.59599,tol_1pct,
WQS0024,surplus_kgha_2015,126.810309,tol_1pct,
WQS0024,tile_frac,0.737257,tol_1pct,
WQS0024,precip_gridmet_mean_2020,1.978523,tol_1pct,
WQS0025,lat,42.4674,exact,
WQS0025,lon,-90.683,exact,
WQS0025,water_n_days,2492,exact,
WQS0025,water_first_day,2015-04-15,exact,
WQS0025,water_last_day,2026-06-08,exact,
WQS0025,water_median,3.065,exact,
WQS0025,water_max,25.97,exact,
WQS0025,water_n_ge10,9,exact,
WQS0025,basin_area_km2,107.1409,tol_5pct,delineation method changes
WQS0025,basin_variant,1,context,basin0-3 selection is retired in build2
WQS0025,grid_n_cells,16,tol_5pct,
WQS0025,grid_coverage,6.7528,tol_5pct,
WQS0025,grid_area_km2,107.1433,tol_5pct,
WQS0025,grid_max_dist_km,21.3574,tol_5pct,
WQS0025,corn_frac_2020,0.219761,tol_1pct,
WQS0025,surplus_kgha_2015,93.892604,tol_1pct,
WQS0025,tile_frac,0.135944,tol_1pct,
WQS0025,precip_gridmet_mean_2020,2.782256,tol_1pct,
WQS0026,lat,42.4813,exact,
WQS0026,lon,-90.6954,exact,
WQS0026,water_n_days,948,exact,
WQS0026,water_first_day,2015-04-15,exact,
WQS0026,water_last_day,2018-12-05,exact,
WQS0026,water_median,0.9251,exact,
WQS0026,water_max,4.118,exact,
WQS0026,water_n_ge10,0,exact,
WQS0026,basin_area_km2,34.5606,tol_5pct,delineation method changes
WQS0026,basin_variant,1,context,basin0-3 selection is retired in build2
WQS0026,grid_n_cells,9,tol_5pct,
WQS0026,grid_coverage,2.1801,tol_5pct,
WQS0026,grid_area_km2,34.5615,tol_5pct,
WQS0026,grid_max_dist_km,16.0564,tol_5pct,
WQS0026,corn_frac_2020,0.119698,tol_1pct,
WQS0026,surplus_kgha_2015,86.607573,tol_1pct,
WQS0026,tile_frac,0.060083,tol_1pct,
WQS0026,precip_gridmet_mean_2020,2.725652,tol_1pct,
WQS0027,lat,42.2974,exact,
WQS0027,lon,-92.0177,exact,
WQS0027,water_n_days,1157,exact,
WQS0027,water_first_day,2015-04-11,exact,
WQS0027,water_last_day,2019-11-06,exact,
WQS0027,water_median,9.9637,exact,
WQS0027,water_max,47.63,exact,
WQS0027,water_n_ge10,576,exact,
WQS0027,basin_area_km2,106.0191,tol_5pct,delineation method changes
WQS0027,basin_variant,1,context,basin0-3 selection is retired in build2
WQS0027,grid_n_cells,16,tol_5pct,
WQS0027,grid_coverage,6.6765,tol_5pct,
WQS0027,grid_area_km2,106.0187,tol_5pct,
WQS0027,grid_max_dist_km,24.7854,tol_5pct,
WQS0027,corn_frac_2020,0.601044,tol_1pct,
WQS0027,surplus_kgha_2015,110.493637,tol_1pct,
WQS0027,tile_frac,0.656763,tol_1pct,
WQS0027,precip_gridmet_mean_2020,2.778288,tol_1pct,
WQS0028,lat,42.0818,exact,
WQS0028,lon,-93.9383,exact,
WQS0028,water_n_days,260,exact,
WQS0028,water_first_day,2015-08-18,exact,
WQS0028,water_last_day,2016-10-17,exact,
WQS0028,water_median,8.6243,exact,
WQS0028,water_max,15.64,exact,
WQS0028,water_n_ge10,91,exact,
WQS0028,basin_area_km2,14289.2489,tol_5pct,delineation method changes
WQS0028,basin_variant,1,context,basin0-3 selection is retired in build2
WQS0028,grid_n_cells,1062,tol_5pct,
WQS0028,grid_coverage,911.0468,tol_5pct,
WQS0028,grid_area_km2,14289.2614,tol_5pct,
WQS0028,grid_max_dist_km,419.6344,tol_5pct,
WQS0028,corn_frac_2020,0.467378,tol_1pct,
WQS0028,surplus_kgha_2015,87.352157,tol_1pct,
WQS0028,tile_frac,0.655799,tol_1pct,
WQS0028,precip_gridmet_mean_2020,1.759697,tol_1pct,
WQS0032,lat,41.6874,exact,duplicate-registration pair; record changes on merge
WQS0032,lon,-94.3711,exact,duplicate-registration pair; record changes on merge
WQS0032,water_n_days,2540,exact,duplicate-registration pair; record changes on merge
WQS0032,water_first_day,2016-03-31,exact,duplicate-registration pair; record changes on merge
WQS0032,water_last_day,2026-06-08,exact,duplicate-registration pair; record changes on merge
WQS0032,water_median,5.51,exact,duplicate-registration pair; record changes on merge
WQS0032,water_max,25.97,exact,duplicate-registration pair; record changes on merge
WQS0032,water_n_ge10,615,exact,duplicate-registration pair; record changes on merge
WQS0032,basin_area_km2,1117.1351,tol_5pct,delineation method changes
WQS0032,basin_variant,1,context,basin0-3 selection is retired in build2
WQS0032,grid_n_cells,106,tol_5pct,
WQS0032,grid_coverage,69.8837,tol_5pct,
WQS0032,grid_area_km2,1117.1358,tol_5pct,
WQS0032,grid_max_dist_km,102.7477,tol_5pct,
WQS0032,corn_frac_2020,0.480125,tol_1pct,
WQS0032,surplus_kgha_2015,110.560085,tol_1pct,
WQS0032,tile_frac,0.495716,tol_1pct,
WQS0032,precip_gridmet_mean_2020,1.49923,tol_1pct,
WQS0033,lat,40.7269,exact,
WQS0033,lon,-91.9606,exact,
WQS0033,water_n_days,1914,exact,
WQS0033,water_first_day,2016-03-28,exact,
WQS0033,water_last_day,2026-06-08,exact,
WQS0033,water_median,4.46,exact,
WQS0033,water_max,25.97,exact,
WQS0033,water_n_ge10,158,exact,
WQS0033,basin_area_km2,36311.104,tol_5pct,delineation method changes
WQS0033,basin_variant,1,context,basin0-3 selection is retired in build2
WQS0033,grid_n_cells,2542,tol_5pct,
WQS0033,grid_coverage,2282.4661,tol_5pct,
WQS0033,grid_area_km2,36311.1128,tol_5pct,
WQS0033,grid_max_dist_km,714.7837,tol_5pct,
WQS0033,corn_frac_2020,0.369365,tol_1pct,
WQS0033,surplus_kgha_2015,73.3799,tol_1pct,
WQS0033,tile_frac,0.485129,tol_1pct,
WQS0033,precip_gridmet_mean_2020,1.893303,tol_1pct,
WQS0034,lat,41.0099,exact,
WQS0034,lon,-92.119,exact,
WQS0034,water_n_days,813,exact,
WQS0034,water_first_day,2016-04-05,exact,
WQS0034,water_last_day,2019-11-05,exact,
WQS0034,water_median,2.84,exact,
WQS0034,water_max,18.65,exact,
WQS0034,water_n_ge10,76,exact,
WQS0034,basin_area_km2,657.8981,tol_5pct,delineation method changes
WQS0034,basin_variant,1,context,basin0-3 selection is retired in build2
WQS0034,grid_n_cells,64,tol_5pct,
WQS0034,grid_coverage,40.6271,tol_5pct,
WQS0034,grid_area_km2,657.8986,tol_5pct,
WQS0034,grid_max_dist_km,53.5822,tol_5pct,
WQS0034,corn_frac_2020,0.394598,tol_1pct,
WQS0034,surplus_kgha_2015,58.18811,tol_1pct,
WQS0034,tile_frac,0.477371,tol_1pct,
WQS0034,precip_gridmet_mean_2020,2.664322,tol_1pct,
WQS0035,lat,42.3846,exact,
WQS0035,lon,-92.2545,exact,
WQS0035,water_n_days,1669,exact,
WQS0035,water_first_day,2016-04-06,exact,
WQS0035,water_last_day,2023-11-22,exact,
WQS0035,water_median,7.58,exact,
WQS0035,water_max,25.97,exact,
WQS0035,water_n_ge10,491,exact,
WQS0035,basin_area_km2,133.7214,tol_5pct,delineation method changes
WQS0035,basin_variant,1,context,basin0-3 selection is retired in build2
WQS0035,grid_n_cells,18,tol_5pct,
WQS0035,grid_coverage,8.415,tol_5pct,
WQS0035,grid_area_km2,133.7219,tol_5pct,
WQS0035,grid_max_dist_km,22.1761,tol_5pct,
WQS0035,corn_frac_2020,0.467285,tol_1pct,
WQS0035,surplus_kgha_2015,99.293161,tol_1pct,
WQS0035,tile_frac,0.717837,tol_1pct,
WQS0035,precip_gridmet_mean_2020,2.889049,tol_1pct,
WQS0036,lat,40.6407,exact,
WQS0036,lon,-93.8078,exact,
WQS0036,water_n_days,656,exact,
WQS0036,water_first_day,2016-04-07,exact,
WQS0036,water_last_day,2019-07-06,exact,
WQS0036,water_median,1.405,exact,
WQS0036,water_max,25.97,exact,
WQS0036,water_n_ge10,16,exact,
WQS0036,basin_area_km2,1803.3844,tol_5pct,delineation method changes
WQS0036,basin_variant,1,context,basin0-3 selection is retired in build2
WQS0036,grid_n_cells,151,tol_5pct,
WQS0036,grid_coverage,111.1656,tol_5pct,
WQS0036,grid_area_km2,1803.375,tol_5pct,
WQS0036,grid_max_dist_km,121.841,tol_5pct,
WQS0036,corn_frac_2020,0.145894,tol_1pct,
WQS0036,surplus_kgha_2015,47.987599,tol_1pct,
WQS0036,tile_frac,0.172249,tol_1pct,
WQS0036,precip_gridmet_mean_2020,2.164427,tol_1pct,
WQS0037,lat,41.5119,exact,
WQS0037,lon,-94.9359,exact,
WQS0037,water_n_days,987,exact,
WQS0037,water_first_day,2016-04-07,exact,
WQS0037,water_last_day,2021-08-08,exact,
WQS0037,water_median,7.82,exact,
WQS0037,water_max,12.93,exact,
WQS0037,water_n_ge10,141,exact,
WQS0037,basin_area_km2,578.0265,tol_5pct,delineation method changes
WQS0037,basin_variant,1,context,basin0-3 selection is retired in build2
WQS0037,grid_n_cells,60,tol_5pct,
WQS0037,grid_coverage,36.022,tol_5pct,
WQS0037,grid_area_km2,578.0261,tol_5pct,
WQS0037,grid_max_dist_km,61.1368,tol_5pct,
WQS0037,corn_frac_2020,0.453835,tol_1pct,
WQS0037,surplus_kgha_2015,95.462154,tol_1pct,
WQS0037,tile_frac,0.401212,tol_1pct,
WQS0037,precip_gridmet_mean_2020,1.484039,tol_1pct,
WQS0038,lat,42.0415,exact,
WQS0038,lon,-93.654,exact,
WQS0038,water_n_days,2036,exact,
WQS0038,water_first_day,2016-04-07,exact,
WQS0038,water_last_day,2024-12-03,exact,
WQS0038,water_median,6.835,exact,
WQS0038,water_max,49.32,exact,
WQS0038,water_n_ge10,563,exact,
WQS0038,basin_area_km2,504.335,tol_5pct,delineation method changes
WQS0038,basin_variant,1,context,basin0-3 selection is retired in build2
WQS0038,grid_n_cells,49,tol_5pct,
WQS0038,grid_coverage,31.652,tol_5pct,
WQS0038,grid_area_km2,504.3421,tol_5pct,
WQS0038,grid_max_dist_km,43.7902,tol_5pct,
WQS0038,corn_frac_2020,0.494668,tol_1pct,
WQS0038,surplus_kgha_2015,93.052172,tol_1pct,
WQS0038,tile_frac,0.595277,tol_1pct,
WQS0038,precip_gridmet_mean_2020,1.958955,tol_1pct,
WQS0039,lat,42.7246,exact,
WQS0039,lon,-93.9472,exact,
WQS0039,water_n_days,1299,exact,
WQS0039,water_first_day,2016-04-07,exact,
WQS0039,water_last_day,2022-08-14,exact,
WQS0039,water_median,8.35,exact,
WQS0039,water_max,19.7,exact,
WQS0039,water_n_ge10,454,exact,
WQS0039,basin_area_km2,1077.7854,tol_5pct,delineation method changes
WQS0039,basin_variant,1,context,basin0-3 selection is retired in build2
WQS0039,grid_n_cells,91,tol_5pct,
WQS0039,grid_coverage,68.4753,tol_5pct,
WQS0039,grid_area_km2,1077.7887,tol_5pct,
WQS0039,grid_max_dist_km,62.1648,tol_5pct,
WQS0039,corn_frac_2020,0.541171,tol_1pct,
WQS0039,surplus_kgha_2015,118.130112,tol_1pct,
WQS0039,tile_frac,0.790611,tol_1pct,
WQS0039,precip_gridmet_mean_2020,1.927729,tol_1pct,
WQS0040,lat,41.6418,exact,
WQS0040,lon,-95.7826,exact,
WQS0040,water_n_days,1637,exact,
WQS0040,water_first_day,2016-05-03,exact,
WQS0040,water_last_day,2026-06-08,exact,
WQS0040,water_median,6.73,exact,
WQS0040,water_max,49.7,exact,
WQS0040,water_n_ge10,265,exact,
WQS0040,basin_area_km2,2259.4361,tol_5pct,delineation method changes
WQS0040,basin_variant,1,context,basin0-3 selection is retired in build2
WQS0040,grid_n_cells,196,tol_5pct,
WQS0040,grid_coverage,141.5916,tol_5pct,
WQS0040,grid_area_km2,2259.4405,tol_5pct,
WQS0040,grid_max_dist_km,145.0157,tol_5pct,
WQS0040,corn_frac_2020,0.456661,tol_1pct,
WQS0040,surplus_kgha_2015,89.958348,tol_1pct,
WQS0040,tile_frac,0.246353,tol_1pct,
WQS0040,precip_gridmet_mean_2020,1.610733,tol_1pct,
WQS0041,lat,41.9651,exact,
WQS0041,lon,-95.9733,exact,
WQS0041,water_n_days,320,exact,
WQS0041,water_first_day,2016-04-15,exact,
WQS0041,water_last_day,2017-06-15,exact,
WQS0041,water_median,8.27,exact,
WQS0041,water_max,13.7,exact,
WQS0041,water_n_ge10,73,exact,
WQS0041,basin_area_km2,9178.8645,tol_5pct,delineation method changes
WQS0041,basin_variant,1,context,basin0-3 selection is retired in build2
WQS0041,grid_n_cells,682,tol_5pct,
WQS0041,grid_coverage,582.8997,tol_5pct,
WQS0041,grid_area_km2,9178.8749,tol_5pct,
WQS0041,grid_max_dist_km,310.8682,tol_5pct,
WQS0041,corn_frac_2020,0.420343,tol_1pct,
WQS0041,surplus_kgha_2015,89.048959,tol_1pct,
WQS0041,tile_frac,0.41595,tol_1pct,
WQS0041,precip_gridmet_mean_2020,1.517693,tol_1pct,
WQS0042,lat,42.157,exact,
WQS0042,lon,-95.8098,exact,
WQS0042,water_n_days,614,exact,
WQS0042,water_first_day,2016-04-15,exact,
WQS0042,water_last_day,2018-12-18,exact,
WQS0042,water_median,9.63,exact,
WQS0042,water_max,25.97,exact,
WQS0042,water_n_ge10,229,exact,
WQS0042,basin_area_km2,1734.2861,tol_5pct,delineation method changes
WQS0042,basin_variant,1,context,basin0-3 selection is retired in build2
WQS0042,grid_n_cells,149,tol_5pct,
WQS0042,grid_coverage,109.3282,tol_5pct,
WQS0042,grid_area_km2,1734.2883,tol_5pct,
WQS0042,grid_max_dist_km,108.9169,tol_5pct,
WQS0042,corn_frac_2020,0.458356,tol_1pct,
WQS0042,surplus_kgha_2015,86.618985,tol_1pct,
WQS0042,tile_frac,0.390448,tol_1pct,
WQS0042,precip_gridmet_mean_2020,1.476472,tol_1pct,
WQS0043,lat,42.5764,exact,
WQS0043,lon,-96.3126,exact,
WQS0043,water_n_days,1651,exact,
WQS0043,water_first_day,2016-04-15,exact,
WQS0043,water_last_day,2026-06-08,exact,
WQS0043,water_median,12.6,exact,
WQS0043,water_max,41.19,exact,
WQS0043,water_n_ge10,997,exact,
WQS0043,basin_area_km2,2297.9544,tol_5pct,delineation method changes
WQS0043,basin_variant,1,context,basin0-3 selection is retired in build2
WQS0043,grid_n_cells,190,tol_5pct,
WQS0043,grid_coverage,146.0545,tol_5pct,
WQS0043,grid_area_km2,2297.957,tol_5pct,
WQS0043,grid_max_dist_km,116.253,tol_5pct,
WQS0043,corn_frac_2020,0.489949,tol_1pct,
WQS0043,surplus_kgha_2015,198.156261,tol_1pct,
WQS0043,tile_frac,0.370956,tol_1pct,
WQS0043,precip_gridmet_mean_2020,1.261549,tol_1pct,
WQS0044,lat,40.6944,exact,
WQS0044,lon,-95.5623,exact,
WQS0044,water_n_days,1202,exact,
WQS0044,water_first_day,2016-04-25,exact,
WQS0044,water_last_day,2025-12-10,exact,
WQS0044,water_median,4.85,exact,
WQS0044,water_max,28.84,exact,
WQS0044,water_n_ge10,50,exact,
WQS0044,basin_area_km2,2869.0685,tol_5pct,delineation method changes
WQS0044,basin_variant,1,context,basin0-3 selection is retired in build2
WQS0044,grid_n_cells,242,tol_5pct,
WQS0044,grid_coverage,177.8691,tol_5pct,
WQS0044,grid_area_km2,2869.078,tol_5pct,
WQS0044,grid_max_dist_km,188.5642,tol_5pct,
WQS0044,corn_frac_2020,0.401182,tol_1pct,
WQS0044,surplus_kgha_2015,64.795499,tol_1pct,
WQS0044,tile_frac,0.323252,tol_1pct,
WQS0044,precip_gridmet_mean_2020,1.530653,tol_1pct,
WQS0046,lat,41.537,exact,
WQS0046,lon,-93.2588,exact,
WQS0046,water_n_days,2536,exact,
WQS0046,water_first_day,2016-06-16,exact,
WQS0046,water_last_day,2026-06-08,exact,
WQS0046,water_median,6.275,exact,
WQS0046,water_max,19.93,exact,
WQS0046,water_n_ge10,398,exact,
WQS0046,basin_area_km2,54.681,tol_5pct,delineation method changes
WQS0046,basin_variant,1,context,basin0-3 selection is retired in build2
WQS0046,grid_n_cells,10,tol_5pct,
WQS0046,grid_coverage,3.4006,tol_5pct,
WQS0046,grid_area_km2,54.6807,tol_5pct,
WQS0046,grid_max_dist_km,13.6564,tol_5pct,
WQS0046,corn_frac_2020,0.3504,tol_1pct,
WQS0046,surplus_kgha_2015,57.271489,tol_1pct,
WQS0046,tile_frac,0.300742,tol_1pct,
WQS0046,precip_gridmet_mean_2020,2.150888,tol_1pct,
WQS0047,lat,41.601,exact,
WQS0047,lon,-93.296,exact,
WQS0047,water_n_days,2498,exact,
WQS0047,water_first_day,2016-06-27,exact,
WQS0047,water_last_day,2026-06-08,exact,
WQS0047,water_median,10.62,exact,
WQS0047,water_max,26.05,exact,
WQS0047,water_n_ge10,1417,exact,
WQS0047,basin_area_km2,19.1555,tol_5pct,delineation method changes
WQS0047,basin_variant,1,context,basin0-3 selection is retired in build2
WQS0047,grid_n_cells,4,tol_5pct,
WQS0047,grid_coverage,1.1918,tol_5pct,
WQS0047,grid_area_km2,19.1554,tol_5pct,
WQS0047,grid_max_dist_km,5.2078,tol_5pct,
WQS0047,corn_frac_2020,0.435139,tol_1pct,
WQS0047,surplus_kgha_2015,60.432321,tol_1pct,
WQS0047,tile_frac,0.352149,tol_1pct,
WQS0047,precip_gridmet_mean_2020,2.195244,tol_1pct,
WQS0048,lat,42.3178,exact,
WQS0048,lon,-93.2514,exact,
WQS0048,water_n_days,2348,exact,
WQS0048,water_first_day,2016-07-15,exact,
WQS0048,water_last_day,2026-06-08,exact,
WQS0048,water_median,12.935,exact,
WQS0048,water_max,30.66,exact,
WQS0048,water_n_ge10,1462,exact,
WQS0048,basin_area_km2,197.7596,tol_5pct,delineation method changes
WQS0048,basin_variant,1,context,basin0-3 selection is retired in build2
WQS0048,grid_n_cells,26,tol_5pct,
WQS0048,grid_coverage,12.4524,tol_5pct,
WQS0048,grid_area_km2,197.7592,tol_5pct,
WQS0048,grid_max_dist_km,39.3647,tol_5pct,
WQS0048,corn_frac_2020,0.627766,tol_1pct,
WQS0048,surplus_kgha_2015,128.23458,tol_1pct,
WQS0048,tile_frac,0.735597,tol_1pct,
WQS0048,precip_gridmet_mean_2020,1.9981,tol_1pct,
WQS0049,lat,40.772,exact,
WQS0049,lon,-92.0923,exact,
WQS0049,water_n_days,257,exact,
WQS0049,water_first_day,2016-08-15,exact,
WQS0049,water_last_day,2017-10-30,exact,
WQS0049,water_median,0.38,exact,
WQS0049,water_max,28.15,exact,
WQS0049,water_n_ge10,6,exact,
WQS0049,basin_area_km2,276.1253,tol_5pct,delineation method changes
WQS0049,basin_variant,1,context,basin0-3 selection is retired in build2
WQS0049,grid_n_cells,33,tol_5pct,
WQS0049,grid_coverage,16.9704,tol_5pct,
WQS0049,grid_area_km2,276.1257,tol_5pct,
WQS0049,grid_max_dist_km,45.7106,tol_5pct,
WQS0049,corn_frac_2020,0.103124,tol_1pct,
WQS0049,surplus_kgha_2015,51.011002,tol_1pct,
WQS0049,tile_frac,0.027378,tol_1pct,
WQS0049,precip_gridmet_mean_2020,2.731087,tol_1pct,
WQS0050,lat,41.2817,exact,
WQS0050,lon,-91.7162,exact,
WQS0050,water_n_days,2225,exact,
WQS0050,water_first_day,2016-07-27,exact,
WQS0050,water_last_day,2025-10-30,exact,
WQS0050,water_median,7.26,exact,
WQS0050,water_max,35.28,exact,
WQS0050,water_n_ge10,844,exact,
WQS0050,basin_area_km2,240.7818,tol_5pct,delineation method changes
WQS0050,basin_variant,1,context,basin0-3 selection is retired in build2
WQS0050,grid_n_cells,31,tol_5pct,
WQS0050,grid_coverage,14.9271,tol_5pct,
WQS0050,grid_area_km2,240.7819,tol_5pct,
WQS0050,grid_max_dist_km,37.8105,tol_5pct,
WQS0050,corn_frac_2020,0.445144,tol_1pct,
WQS0050,surplus_kgha_2015,161.893284,tol_1pct,
WQS0050,tile_frac,0.582984,tol_1pct,
WQS0050,precip_gridmet_mean_2020,2.446725,tol_1pct,
WQS0051,lat,42.339,exact,
WQS0051,lon,-93.1251,exact,
WQS0051,water_n_days,2464,exact,
WQS0051,water_first_day,2016-08-27,exact,
WQS0051,water_last_day,2026-06-08,exact,
WQS0051,water_median,9.38,exact,
WQS0051,water_max,26.07,exact,
WQS0051,water_n_ge10,1124,exact,
WQS0051,basin_area_km2,184.1139,tol_5pct,delineation method changes
WQS0051,basin_variant,1,context,basin0-3 selection is retired in build2
WQS0051,grid_n_cells,25,tol_5pct,
WQS0051,grid_coverage,11.6006,tol_5pct,
WQS0051,grid_area_km2,184.1144,tol_5pct,
WQS0051,grid_max_dist_km,30.7883,tol_5pct,
WQS0051,corn_frac_2020,0.568056,tol_1pct,
WQS0051,surplus_kgha_2015,121.698461,tol_1pct,
WQS0051,tile_frac,0.715011,tol_1pct,
WQS0051,precip_gridmet_mean_2020,2.016106,tol_1pct,
WQS0052,lat,42.0198,exact,
WQS0052,lon,-91.6661,exact,
WQS0052,water_n_days,240,exact,
WQS0052,water_first_day,2016-08-30,exact,
WQS0052,water_last_day,2017-09-05,exact,
WQS0052,water_median,3.06,exact,
WQS0052,water_max,5.67,exact,
WQS0052,water_n_ge10,0,exact,
WQS0052,basin_area_km2,70.443,tol_5pct,delineation method changes
WQS0052,basin_variant,1,context,basin0-3 selection is retired in build2
WQS0052,grid_n_cells,12,tol_5pct,
WQS0052,grid_coverage,4.4171,tol_5pct,
WQS0052,grid_area_km2,70.4423,tol_5pct,
WQS0052,grid_max_dist_km,23.1694,tol_5pct,
WQS0052,corn_frac_2020,0.396284,tol_1pct,
WQS0052,surplus_kgha_2015,80.702382,tol_1pct,
WQS0052,tile_frac,0.561144,tol_1pct,
WQS0052,precip_gridmet_mean_2020,2.75271,tol_1pct,
WQS0053,lat,41.9545,exact,
WQS0053,lon,-93.6393,exact,
WQS0053,water_n_days,2588,exact,
WQS0053,water_first_day,2016-09-02,exact,
WQS0053,water_last_day,2026-06-08,exact,
WQS0053,water_median,7.81,exact,
WQS0053,water_max,31.07,exact,
WQS0053,water_n_ge10,989,exact,
WQS0053,basin_area_km2,20.2341,tol_5pct,delineation method changes
WQS0053,basin_variant,1,context,basin0-3 selection is retired in build2
WQS0053,grid_n_cells,6,tol_5pct,
WQS0053,grid_coverage,1.2658,tol_5pct,
WQS0053,grid_area_km2,20.2337,tol_5pct,
WQS0053,grid_max_dist_km,8.5058,tol_5pct,
WQS0053,corn_frac_2020,0.472515,tol_1pct,
WQS0053,surplus_kgha_2015,74.529577,tol_1pct,
WQS0053,tile_frac,0.534446,tol_1pct,
WQS0053,precip_gridmet_mean_2020,1.859001,tol_1pct,
WQS0054,lat,41.9649,exact,
WQS0054,lon,-93.6796,exact,
WQS0054,water_n_days,2383,exact,
WQS0054,water_first_day,2017-06-13,exact,
WQS0054,water_last_day,2026-06-08,exact,
WQS0054,water_median,14.12,exact,
WQS0054,water_max,36.98,exact,
WQS0054,water_n_ge10,1716,exact,
WQS0054,basin_area_km2,16.8841,tol_5pct,delineation method changes
WQS0054,basin_variant,1,context,basin0-3 selection is retired in build2
WQS0054,grid_n_cells,6,tol_5pct,
WQS0054,grid_coverage,1.0563,tol_5pct,
WQS0054,grid_area_km2,16.8838,tol_5pct,
WQS0054,grid_max_dist_km,7.75,tol_5pct,
WQS0054,corn_frac_2020,0.476341,tol_1pct,
WQS0054,surplus_kgha_2015,74.413978,tol_1pct,
WQS0054,tile_frac,0.536231,tol_1pct,
WQS0054,precip_gridmet_mean_2020,1.862005,tol_1pct,
WQS0055,lat,42.3829,exact,
WQS0055,lon,-93.3911,exact,
WQS0055,water_n_days,2504,exact,
WQS0055,water_first_day,2017-05-04,exact,
WQS0055,water_last_day,2026-06-08,exact,
WQS0055,water_median,16.52,exact,
WQS0055,water_max,49.98,exact,
WQS0055,water_n_ge10,1959,exact,
WQS0055,basin_area_km2,18.5509,tol_5pct,delineation method changes
WQS0055,basin_variant,1,context,basin0-3 selection is retired in build2
WQS0055,grid_n_cells,5,tol_5pct,
WQS0055,grid_coverage,1.1685,tol_5pct,
WQS0055,grid_area_km2,18.5509,tol_5pct,
WQS0055,grid_max_dist_km,7.0298,tol_5pct,
WQS0055,corn_frac_2020,0.694425,tol_1pct,
WQS0055,surplus_kgha_2015,126.20767,tol_1pct,
WQS0055,tile_frac,0.85938,tol_1pct,
WQS0055,precip_gridmet_mean_2020,2.122302,tol_1pct,
WQS0056,lat,42.3805,exact,
WQS0056,lon,-93.388,exact,
WQS0056,water_n_days,2197,exact,
WQS0056,water_first_day,2017-06-01,exact,
WQS0056,water_last_day,2026-06-08,exact,
WQS0056,water_median,15.83,exact,
WQS0056,water_max,49.83,exact,
WQS0056,water_n_ge10,1805,exact,
WQS0056,basin_area_km2,131.9809,tol_5pct,delineation method changes
WQS0056,basin_variant,1,context,basin0-3 selection is retired in build2
WQS0056,grid_n_cells,18,tol_5pct,
WQS0056,grid_coverage,8.3133,tol_5pct,
WQS0056,grid_area_km2,131.9804,tol_5pct,
WQS0056,grid_max_dist_km,23.8459,tol_5pct,
WQS0056,corn_frac_2020,0.675085,tol_1pct,
WQS0056,surplus_kgha_2015,132.457315,tol_1pct,
WQS0056,tile_frac,0.747578,tol_1pct,
WQS0056,precip_gridmet_mean_2020,2.020358,tol_1pct,
WQS0060,lat,42.5226,exact,
WQS0060,lon,-93.7874,exact,
WQS0060,water_n_days,180,exact,
WQS0060,water_first_day,2017-04-26,exact,
WQS0060,water_last_day,2017-11-16,exact,
WQS0060,water_median,1.195,exact,
WQS0060,water_max,4.7,exact,
WQS0060,water_n_ge10,0,exact,
WQS0060,basin_area_km2,205.8589,tol_5pct,delineation method changes
WQS0060,basin_variant,1,context,basin0-3 selection is retired in build2
WQS0060,grid_n_cells,26,tol_5pct,
WQS0060,grid_coverage,13.0171,tol_5pct,
WQS0060,grid_area_km2,205.8593,tol_5pct,
WQS0060,grid_max_dist_km,35.9782,tol_5pct,
WQS0060,corn_frac_2020,0.50825,tol_1pct,
WQS0060,surplus_kgha_2015,146.42367,tol_1pct,
WQS0060,tile_frac,0.81665,tol_1pct,
WQS0060,precip_gridmet_mean_2020,1.81048,tol_1pct,
WQS0061,lat,41.8305,exact,
WQS0061,lon,-95.9315,exact,
WQS0061,water_n_days,1125,exact,
WQS0061,water_first_day,2017-04-19,exact,
WQS0061,water_last_day,2024-12-09,exact,
WQS0061,water_median,7.05,exact,
WQS0061,water_max,25.97,exact,
WQS0061,water_n_ge10,152,exact,
WQS0061,basin_area_km2,1057.0215,tol_5pct,delineation method changes
WQS0061,basin_variant,1,context,basin0-3 selection is retired in build2
WQS0061,grid_n_cells,99,tol_5pct,
WQS0061,grid_coverage,66.2348,tol_5pct,
WQS0061,grid_area_km2,1057.0248,tol_5pct,
WQS0061,grid_max_dist_km,86.3351,tol_5pct,
WQS0061,corn_frac_2020,0.439351,tol_1pct,
WQS0061,surplus_kgha_2015,69.703783,tol_1pct,
WQS0061,tile_frac,0.092922,tol_1pct,
WQS0061,precip_gridmet_mean_2020,1.654681,tol_1pct,
WQS0062,lat,42.7771,exact,
WQS0062,lon,-95.53,exact,
WQS0062,water_n_days,327,exact,
WQS0062,water_first_day,2017-05-11,exact,
WQS0062,water_last_day,2018-09-21,exact,
WQS0062,water_median,10.83,exact,
WQS0062,water_max,24.72,exact,
WQS0062,water_n_ge10,189,exact,
WQS0062,basin_area_km2,759.6369,tol_5pct,delineation method changes
WQS0062,basin_variant,1,context,basin0-3 selection is retired in build2
WQS0062,grid_n_cells,71,tol_5pct,
WQS0062,grid_coverage,48.2787,tol_5pct,
WQS0062,grid_area_km2,759.6374,tol_5pct,
WQS0062,grid_max_dist_km,65.3898,tol_5pct,
WQS0062,corn_frac_2020,0.466019,tol_1pct,
WQS0062,surplus_kgha_2015,122.563509,tol_1pct,
WQS0062,tile_frac,0.522822,tol_1pct,
WQS0062,precip_gridmet_mean_2020,1.358557,tol_1pct,
WQS0063,lat,43.1115,exact,
WQS0063,lon,-91.265,exact,
WQS0063,water_n_days,1875,exact,
WQS0063,water_first_day,2017-06-01,exact,
WQS0063,water_last_day,2026-06-08,exact,
WQS0063,water_median,5.64,exact,
WQS0063,water_max,25.97,exact,
WQS0063,water_n_ge10,128,exact,
WQS0063,basin_area_km2,574.3961,tol_5pct,delineation method changes
WQS0063,basin_variant,1,context,basin0-3 selection is retired in build2
WQS0063,grid_n_cells,54,tol_5pct,
WQS0063,grid_coverage,36.6119,tol_5pct,
WQS0063,grid_area_km2,574.3952,tol_5pct,
WQS0063,grid_max_dist_km,57.3077,tol_5pct,
WQS0063,corn_frac_2020,0.377377,tol_1pct,
WQS0063,surplus_kgha_2015,82.078985,tol_1pct,
WQS0063,tile_frac,0.148275,tol_1pct,
WQS0063,precip_gridmet_mean_2020,2.729554,tol_1pct,
WQS0064,lat,43.4212,exact,
WQS0064,lon,-91.509,exact,
WQS0064,water_n_days,1388,exact,
WQS0064,water_first_day,2017-06-02,exact,
WQS0064,water_last_day,2025-11-24,exact,
WQS0064,water_median,5.76,exact,
WQS0064,water_max,35.92,exact,
WQS0064,water_n_ge10,70,exact,
WQS0064,basin_area_km2,2009.1724,tol_5pct,delineation method changes
WQS0064,basin_variant,1,context,basin0-3 selection is retired in build2
WQS0064,grid_n_cells,177,tol_5pct,
WQS0064,grid_coverage,128.604,tol_5pct,
WQS0064,grid_area_km2,2009.158,tol_5pct,
WQS0064,grid_max_dist_km,153.9494,tol_5pct,
WQS0064,corn_frac_2020,0.369525,tol_1pct,
WQS0064,surplus_kgha_2015,84.478356,tol_1pct,
WQS0064,tile_frac,0.289654,tol_1pct,
WQS0064,precip_gridmet_mean_2020,2.467217,tol_1pct,
WQS0065,lat,41.8106,exact,
WQS0065,lon,-96.0488,exact,
WQS0065,water_n_days,1147,exact,
WQS0065,water_first_day,2017-06-14,exact,
WQS0065,water_last_day,2026-06-08,exact,
WQS0065,water_median,5.06,exact,
WQS0065,water_max,45.72,exact,
WQS0065,water_n_ge10,97,exact,
WQS0065,basin_area_km2,9220.4949,tol_5pct,delineation method changes
WQS0065,basin_variant,1,context,basin0-3 selection is retired in build2
WQS0065,grid_n_cells,687,tol_5pct,
WQS0065,grid_coverage,585.5019,tol_5pct,
WQS0065,grid_area_km2,9220.5055,tol_5pct,
WQS0065,grid_max_dist_km,330.6391,tol_5pct,
WQS0065,corn_frac_2020,0.419792,tol_1pct,
WQS0065,surplus_kgha_2015,88.844881,tol_1pct,
WQS0065,tile_frac,0.414158,tol_1pct,
WQS0065,precip_gridmet_mean_2020,1.518823,tol_1pct,
WQS0066,lat,41.8251,exact,
WQS0066,lon,-96.0593,exact,
WQS0066,water_n_days,1439,exact,
WQS0066,water_first_day,2017-05-23,exact,
WQS0066,water_last_day,2025-10-19,exact,
WQS0066,water_median,3.78,exact,
WQS0066,water_max,21.16,exact,
WQS0066,water_n_ge10,49,exact,
WQS0066,basin_area_km2,2358.6438,tol_5pct,delineation method changes
WQS0066,basin_variant,1,context,basin0-3 selection is retired in build2
WQS0066,grid_n_cells,191,tol_5pct,
WQS0066,grid_coverage,148.7284,tol_5pct,
WQS0066,grid_area_km2,2358.6431,tol_5pct,
WQS0066,grid_max_dist_km,171.6413,tol_5pct,
WQS0066,corn_frac_2020,0.452065,tol_1pct,
WQS0066,surplus_kgha_2015,92.962712,tol_1pct,
WQS0066,tile_frac,0.169794,tol_1pct,
WQS0066,precip_gridmet_mean_2020,1.495868,tol_1pct,
WQS0067,lat,43.2146,exact,
WQS0067,lon,-96.2954,exact,
WQS0067,water_n_days,1519,exact,
WQS0067,water_first_day,2017-08-29,exact,
WQS0067,water_last_day,2026-06-04,exact,
WQS0067,water_median,6.47,exact,
WQS0067,water_max,15.61,exact,
WQS0067,water_n_ge10,508,exact,
WQS0067,basin_area_km2,4133.4231,tol_5pct,delineation method changes
WQS0067,basin_variant,1,context,basin0-3 selection is retired in build2
WQS0067,grid_n_cells,319,tol_5pct,
WQS0067,grid_coverage,265.28,tol_5pct,
WQS0067,grid_area_km2,4133.4356,tol_5pct,
WQS0067,grid_max_dist_km,127.3914,tol_5pct,
WQS0067,corn_frac_2020,0.482508,tol_1pct,
WQS0067,surplus_kgha_2015,136.004087,tol_1pct,
WQS0067,tile_frac,0.407833,tol_1pct,
WQS0067,precip_gridmet_mean_2020,1.459683,tol_1pct,
WQS0069,lat,42.179,exact,
WQS0069,lon,-91.5008,exact,
WQS0069,water_n_days,1115,exact,
WQS0069,water_first_day,2017-09-08,exact,
WQS0069,water_last_day,2022-12-05,exact,
WQS0069,water_median,6.04,exact,
WQS0069,water_max,25.97,exact,
WQS0069,water_n_ge10,105,exact,
WQS0069,basin_area_km2,3320.273,tol_5pct,delineation method changes
WQS0069,basin_variant,1,context,basin0-3 selection is retired in build2
WQS0069,grid_n_cells,279,tol_5pct,
WQS0069,grid_coverage,210.4906,tol_5pct,
WQS0069,grid_area_km2,3320.2763,tol_5pct,
WQS0069,grid_max_dist_km,211.8654,tol_5pct,
WQS0069,corn_frac_2020,0.518664,tol_1pct,
WQS0069,surplus_kgha_2015,99.394556,tol_1pct,
WQS0069,tile_frac,0.67638,tol_1pct,
WQS0069,precip_gridmet_mean_2020,2.67247,tol_1pct,
WQS0070,lat,42.2572,exact,
WQS0070,lon,-92.2793,exact,
WQS0070,water_n_days,1247,exact,
WQS0070,water_first_day,2017-09-27,exact,
WQS0070,water_last_day,2022-12-18,exact,
WQS0070,water_median,7.1,exact,
WQS0070,water_max,14.67,exact,
WQS0070,water_n_ge10,179,exact,
WQS0070,basin_area_km2,794.4754,tol_5pct,delineation method changes
WQS0070,basin_variant,1,context,basin0-3 selection is retired in build2
WQS0070,grid_n_cells,80,tol_5pct,
WQS0070,grid_coverage,49.9149,tol_5pct,
WQS0070,grid_area_km2,794.4795,tol_5pct,
WQS0070,grid_max_dist_km,80.351,tol_5pct,
WQS0070,corn_frac_2020,0.499757,tol_1pct,
WQS0070,surplus_kgha_2015,78.240017,tol_1pct,
WQS0070,tile_frac,0.667357,tol_1pct,
WQS0070,precip_gridmet_mean_2020,2.660553,tol_1pct,
WQS0071,lat,42.1548,exact,
WQS0071,lon,-92.0057,exact,
WQS0071,water_n_days,1663,exact,
WQS0071,water_first_day,2017-10-02,exact,
WQS0071,water_last_day,2023-11-30,exact,
WQS0071,water_median,7.53,exact,
WQS0071,water_max,39.66,exact,
WQS0071,water_n_ge10,212,exact,
WQS0071,basin_area_km2,112.682,tol_5pct,delineation method changes
WQS0071,basin_variant,1,context,basin0-3 selection is retired in build2
WQS0071,grid_n_cells,15,tol_5pct,
WQS0071,grid_coverage,7.064,tol_5pct,
WQS0071,grid_area_km2,112.6828,tol_5pct,
WQS0071,grid_max_dist_km,23.2925,tol_5pct,
WQS0071,corn_frac_2020,0.472333,tol_1pct,
WQS0071,surplus_kgha_2015,85.172103,tol_1pct,
WQS0071,tile_frac,0.749535,tol_1pct,
WQS0071,precip_gridmet_mean_2020,2.606871,tol_1pct,
WQS0072,lat,41.527,exact,
WQS0072,lon,-91.9896,exact,
WQS0072,water_n_days,1103,exact,
WQS0072,water_first_day,2017-09-17,exact,
WQS0072,water_last_day,2022-12-06,exact,
WQS0072,water_median,3.77,exact,
WQS0072,water_max,49.05,exact,
WQS0072,water_n_ge10,40,exact,
WQS0072,basin_area_km2,764.579,tol_5pct,delineation method changes
WQS0072,basin_variant,1,context,basin0-3 selection is retired in build2
WQS0072,grid_n_cells,73,tol_5pct,
WQS0072,grid_coverage,47.5725,tol_5pct,
WQS0072,grid_area_km2,764.5817,tol_5pct,
WQS0072,grid_max_dist_km,77.9968,tol_5pct,
WQS0072,corn_frac_2020,0.370327,tol_1pct,
WQS0072,surplus_kgha_2015,67.531688,tol_1pct,
WQS0072,tile_frac,0.507873,tol_1pct,
WQS0072,precip_gridmet_mean_2020,2.311192,tol_1pct,
WQS0073,lat,42.6515,exact,
WQS0073,lon,-95.25,exact,
WQS0073,water_n_days,1303,exact,
WQS0073,water_first_day,2017-10-11,exact,
WQS0073,water_last_day,2024-11-26,exact,
WQS0073,water_median,8.31,exact,
WQS0073,water_max,49.51,exact,
WQS0073,water_n_ge10,301,exact,
WQS0073,basin_area_km2,34.8096,tol_5pct,delineation method changes
WQS0073,basin_variant,1,context,basin0-3 selection is retired in build2
WQS0073,grid_n_cells,7,tol_5pct,
WQS0073,grid_coverage,2.2019,tol_5pct,
WQS0073,grid_area_km2,34.8096,tol_5pct,
WQS0073,grid_max_dist_km,11.7995,tol_5pct,
WQS0073,corn_frac_2020,0.446303,tol_1pct,
WQS0073,surplus_kgha_2015,104.995985,tol_1pct,
WQS0073,tile_frac,0.714622,tol_1pct,
WQS0073,precip_gridmet_mean_2020,1.471329,tol_1pct,
WQS0074,lat,42.7152,exact,
WQS0074,lon,-94.7963,exact,
WQS0074,water_n_days,952,exact,
WQS0074,water_first_day,2017-06-08,exact,
WQS0074,water_last_day,2022-11-10,exact,
WQS0074,water_median,6.95,exact,
WQS0074,water_max,25.97,exact,
WQS0074,water_n_ge10,259,exact,
WQS0074,basin_area_km2,141.2299,tol_5pct,delineation method changes
WQS0074,basin_variant,1,context,basin0-3 selection is retired in build2
WQS0074,grid_n_cells,23,tol_5pct,
WQS0074,grid_coverage,8.9567,tol_5pct,
WQS0074,grid_area_km2,141.2298,tol_5pct,
WQS0074,grid_max_dist_km,30.5731,tol_5pct,
WQS0074,corn_frac_2020,0.445896,tol_1pct,
WQS0074,surplus_kgha_2015,98.948847,tol_1pct,
WQS0074,tile_frac,0.646538,tol_1pct,
WQS0074,precip_gridmet_mean_2020,1.667241,tol_1pct,
WQS0080,lat,41.4501,exact,
WQS0080,lon,-94.4154,exact,
WQS0080,water_n_days,1320,exact,
WQS0080,water_first_day,2018-06-19,exact,
WQS0080,water_last_day,2023-02-13,exact,
WQS0080,water_median,4.235,exact,
WQS0080,water_max,50.0,exact,
WQS0080,water_n_ge10,412,exact,
WQS0080,basin_area_km2,223.3501,tol_5pct,delineation method changes
WQS0080,basin_variant,1,context,basin0-3 selection is retired in build2
WQS0080,grid_n_cells,26,tol_5pct,
WQS0080,grid_coverage,13.8778,tol_5pct,
WQS0080,grid_area_km2,223.351,tol_5pct,
WQS0080,grid_max_dist_km,33.3471,tol_5pct,
WQS0080,corn_frac_2020,0.311128,tol_1pct,
WQS0080,surplus_kgha_2015,51.519975,tol_1pct,
WQS0080,tile_frac,0.422681,tol_1pct,
WQS0080,precip_gridmet_mean_2020,1.634232,tol_1pct,
WQS0081,lat,42.4319,exact,duplicate-registration pair; record changes on merge
WQS0081,lon,-93.8062,exact,duplicate-registration pair; record changes on merge
WQS0081,water_n_days,1484,exact,duplicate-registration pair; record changes on merge
WQS0081,water_first_day,2018-04-06,exact,duplicate-registration pair; record changes on merge
WQS0081,water_last_day,2026-06-08,exact,duplicate-registration pair; record changes on merge
WQS0081,water_median,7.265,exact,duplicate-registration pair; record changes on merge
WQS0081,water_max,30.16,exact,duplicate-registration pair; record changes on merge
WQS0081,water_n_ge10,523,exact,duplicate-registration pair; record changes on merge
WQS0081,basin_area_km2,2187.2772,tol_5pct,delineation method changes
WQS0081,basin_variant,1,context,basin0-3 selection is retired in build2
WQS0081,grid_n_cells,174,tol_5pct,
WQS0081,grid_coverage,138.6105,tol_5pct,
WQS0081,grid_area_km2,2187.2797,tol_5pct,
WQS0081,grid_max_dist_km,107.7481,tol_5pct,
WQS0081,corn_frac_2020,0.521459,tol_1pct,
WQS0081,surplus_kgha_2015,124.984445,tol_1pct,
WQS0081,tile_frac,0.764513,tol_1pct,
WQS0081,precip_gridmet_mean_2020,1.863418,tol_1pct,
WQS0083,lat,42.7117,exact,
WQS0083,lon,-92.581,exact,
WQS0083,water_n_days,1738,exact,
WQS0083,water_first_day,2018-07-20,exact,
WQS0083,water_last_day,2026-06-08,exact,
WQS0083,water_median,4.14,exact,
WQS0083,water_max,16.91,exact,
WQS0083,water_n_ge10,126,exact,
WQS0083,basin_area_km2,4498.1387,tol_5pct,delineation method changes
WQS0083,basin_variant,1,context,basin0-3 selection is retired in build2
WQS0083,grid_n_cells,352,tol_5pct,
WQS0083,grid_coverage,287.1475,tol_5pct,
WQS0083,grid_area_km2,4498.1544,tol_5pct,
WQS0083,grid_max_dist_km,192.9917,tol_5pct,
WQS0083,corn_frac_2020,0.44346,tol_1pct,
WQS0083,surplus_kgha_2015,76.577774,tol_1pct,
WQS0083,tile_frac,0.57671,tol_1pct,
WQS0083,precip_gridmet_mean_2020,2.259816,tol_1pct,
WQS0084,lat,42.6494,exact,
WQS0084,lon,-92.4666,exact,
WQS0084,water_n_days,1597,exact,
WQS0084,water_first_day,2018-07-25,exact,
WQS0084,water_last_day,2026-05-27,exact,
WQS0084,water_median,6.0,exact,
WQS0084,water_max,25.97,exact,
WQS0084,water_n_ge10,265,exact,
WQS0084,basin_area_km2,4336.9147,tol_5pct,delineation method changes
WQS0084,basin_variant,1,context,basin0-3 selection is retired in build2
WQS0084,grid_n_cells,346,tol_5pct,
WQS0084,grid_coverage,277.5146,tol_5pct,
WQS0084,grid_area_km2,4336.9231,tol_5pct,
WQS0084,grid_max_dist_km,191.9443,tol_5pct,
WQS0084,corn_frac_2020,0.466801,tol_1pct,
WQS0084,surplus_kgha_2015,87.052506,tol_1pct,
WQS0084,tile_frac,0.650541,tol_1pct,
WQS0084,precip_gridmet_mean_2020,2.406597,tol_1pct,
WQS0091,lat,43.4326,exact,
WQS0091,lon,-91.5194,exact,
WQS0091,water_n_days,1360,exact,
WQS0091,water_first_day,2021-06-15,exact,
WQS0091,water_last_day,2025-06-23,exact,
WQS0091,water_median,5.15,exact,
WQS0091,water_max,38.65,exact,
WQS0091,water_n_ge10,11,exact,
WQS0091,basin_area_km2,123.8152,tol_5pct,delineation method changes
WQS0091,basin_variant,1,context,basin0-3 selection is retired in build2
WQS0091,grid_n_cells,15,tol_5pct,
WQS0091,grid_coverage,7.9375,tol_5pct,
WQS0091,grid_area_km2,123.8132,tol_5pct,
WQS0091,grid_max_dist_km,27.5756,tol_5pct,
WQS0091,corn_frac_2020,0.211103,tol_1pct,
WQS0091,surplus_kgha_2015,59.072503,tol_1pct,
WQS0091,tile_frac,0.007818,tol_1pct,
WQS0091,precip_gridmet_mean_2020,2.604246,tol_1pct,
WQS0102,lat,42.0796,exact,
WQS0102,lon,-92.1136,exact,
WQS0102,water_n_days,904,exact,
WQS0102,water_first_day,2014-01-09,exact,
WQS0102,water_last_day,2023-11-30,exact,
WQS0102,water_median,5.64,exact,
WQS0102,water_max,25.97,exact,
WQS0102,water_n_ge10,202,exact,
WQS0102,basin_area_km2,30.3577,tol_5pct,delineation method changes
WQS0102,basin_variant,1,context,basin0-3 selection is retired in build2
WQS0102,grid_n_cells,6,tol_5pct,
WQS0102,grid_coverage,1.9029,tol_5pct,
WQS0102,grid_area_km2,30.3579,tol_5pct,
WQS0102,grid_max_dist_km,8.5322,tol_5pct,
WQS0102,corn_frac_2020,0.554492,tol_1pct,
WQS0102,surplus_kgha_2015,87.887173,tol_1pct,
WQS0102,tile_frac,0.794031,tol_1pct,
WQS0102,precip_gridmet_mean_2020,2.65496,tol_1pct,
WQS0103,lat,42.1014,exact,
WQS0103,lon,-92.0663,exact,
WQS0103,water_n_days,712,exact,
WQS0103,water_first_day,2020-05-15,exact,
WQS0103,water_last_day,2023-11-30,exact,
WQS0103,water_median,5.7,exact,
WQS0103,water_max,25.97,exact,
WQS0103,water_n_ge10,123,exact,
WQS0103,basin_area_km2,62.9233,tol_5pct,delineation method changes
WQS0103,basin_variant,1,context,basin0-3 selection is retired in build2
WQS0103,grid_n_cells,9,tol_5pct,
WQS0103,grid_coverage,3.9435,tol_5pct,
WQS0103,grid_area_km2,62.9238,tol_5pct,
WQS0103,grid_max_dist_km,14.2957,tol_5pct,
WQS0103,corn_frac_2020,0.508399,tol_1pct,
WQS0103,surplus_kgha_2015,87.346829,tol_1pct,
WQS0103,tile_frac,0.806575,tol_1pct,
WQS0103,precip_gridmet_mean_2020,2.652864,tol_1pct,
WQS0104,lat,42.2636,exact,
WQS0104,lon,-95.0332,exact,
WQS0104,water_n_days,639,exact,
WQS0104,water_first_day,2021-05-21,exact,
WQS0104,water_last_day,2026-06-08,exact,
WQS0104,water_median,15.7,exact,
WQS0104,water_max,31.7,exact,
WQS0104,water_n_ge10,408,exact,
WQS0104,basin_area_km2,31.9997,tol_5pct,delineation method changes
WQS0104,basin_variant,1,context,basin0-3 selection is retired in build2
WQS0104,grid_n_cells,7,tol_5pct,
WQS0104,grid_coverage,2.0098,tol_5pct,
WQS0104,grid_area_km2,31.9997,tol_5pct,
WQS0104,grid_max_dist_km,9.3556,tol_5pct,
WQS0104,corn_frac_2020,0.513746,tol_1pct,
WQS0104,surplus_kgha_2015,117.231617,tol_1pct,
WQS0104,tile_frac,0.505458,tol_1pct,
WQS0104,precip_gridmet_mean_2020,1.621693,tol_1pct,
WQS0107,lat,42.6288,exact,
WQS0107,lon,-93.8448,exact,
WQS0107,water_n_days,400,exact,
WQS0107,water_first_day,2020-07-20,exact,
WQS0107,water_last_day,2021-12-01,exact,
WQS0107,water_median,0.85,exact,
WQS0107,water_max,25.04,exact,
WQS0107,water_n_ge10,1,exact,
WQS0107,basin_area_km2,262.5507,tol_5pct,delineation method changes
WQS0107,basin_variant,1,context,basin0-3 selection is retired in build2
WQS0107,grid_n_cells,32,tol_5pct,
WQS0107,grid_coverage,16.6267,tol_5pct,
WQS0107,grid_area_km2,262.5513,tol_5pct,
WQS0107,grid_max_dist_km,41.4767,tol_5pct,
WQS0107,corn_frac_2020,0.509562,tol_1pct,
WQS0107,surplus_kgha_2015,148.466635,tol_1pct,
WQS0107,tile_frac,0.77667,tol_1pct,
WQS0107,precip_gridmet_mean_2020,1.849822,tol_1pct,
WQS0108,lat,42.9196,exact,
WQS0108,lon,-94.0706,exact,
WQS0108,water_n_days,484,exact,
WQS0108,water_first_day,2020-07-20,exact,
WQS0108,water_last_day,2021-12-01,exact,
WQS0108,water_median,1.32,exact,
WQS0108,water_max,24.09,exact,
WQS0108,water_n_ge10,40,exact,
WQS0108,basin_area_km2,239.9842,tol_5pct,delineation method changes
WQS0108,basin_variant,1,context,basin0-3 selection is retired in build2
WQS0108,grid_n_cells,26,tol_5pct,
WQS0108,grid_coverage,15.2639,tol_5pct,
WQS0108,grid_area_km2,239.9847,tol_5pct,
WQS0108,grid_max_dist_km,34.4446,tol_5pct,
WQS0108,corn_frac_2020,0.524617,tol_1pct,
WQS0108,surplus_kgha_2015,102.73958,tol_1pct,
WQS0108,tile_frac,0.808297,tol_1pct,
WQS0108,precip_gridmet_mean_2020,1.865292,tol_1pct,
WQS0110,lat,42.1573,exact,
WQS0110,lon,-90.3396,exact,
WQS0110,water_n_days,136,exact,
WQS0110,water_first_day,2021-04-23,exact,
WQS0110,water_last_day,2021-10-10,exact,
WQS0110,water_median,4.86,exact,
WQS0110,water_max,6.55,exact,
WQS0110,water_n_ge10,0,exact,
WQS0110,basin_area_km2,4828.6555,tol_5pct,delineation method changes
WQS0110,basin_variant,1,context,basin0-3 selection is retired in build2
WQS0110,grid_n_cells,374,tol_5pct,
WQS0110,grid_coverage,303.6739,tol_5pct,
WQS0110,grid_area_km2,4828.7015,tol_5pct,
WQS0110,grid_max_dist_km,196.0615,tol_5pct,
WQS0110,corn_frac_2020,0.446945,tol_1pct,
WQS0110,surplus_kgha_2015,104.652099,tol_1pct,
WQS0110,tile_frac,0.3773,tol_1pct,
WQS0110,precip_gridmet_mean_2020,2.788249,tol_1pct,
WQS0111,lat,43.0406,exact,
WQS0111,lon,-91.2059,exact,
WQS0111,water_n_days,1409,exact,
WQS0111,water_first_day,2021-07-21,exact,
WQS0111,water_last_day,2026-06-08,exact,
WQS0111,water_median,6.16,exact,
WQS0111,water_max,25.97,exact,
WQS0111,water_n_ge10,53,exact,
WQS0111,basin_area_km2,87.5721,tol_5pct,delineation method changes
WQS0111,basin_variant,1,context,basin0-3 selection is retired in build2
WQS0111,grid_n_cells,12,tol_5pct,
WQS0111,grid_coverage,5.5717,tol_5pct,
WQS0111,grid_area_km2,87.572,tol_5pct,
WQS0111,grid_max_dist_km,19.0654,tol_5pct,
WQS0111,corn_frac_2020,0.376958,tol_1pct,
WQS0111,surplus_kgha_2015,82.265099,tol_1pct,
WQS0111,tile_frac,0.234894,tol_1pct,
WQS0111,precip_gridmet_mean_2020,2.755729,tol_1pct,
WQS0115,lat,41.0178,exact,
WQS0115,lon,-92.417,exact,
WQS0115,water_n_days,1436,exact,
WQS0115,water_first_day,2022-06-30,exact,
WQS0115,water_last_day,2026-06-08,exact,
WQS0115,water_median,3.005,exact,
WQS0115,water_max,25.97,exact,
WQS0115,water_n_ge10,193,exact,
WQS0115,basin_area_km2,34597.9154,tol_5pct,delineation method changes
WQS0115,basin_variant,1,context,basin0-3 selection is retired in build2
WQS0115,grid_n_cells,2415,tol_5pct,
WQS0115,grid_coverage,2177.0594,tol_5pct,
WQS0115,grid_area_km2,34597.9227,tol_5pct,
WQS0115,grid_max_dist_km,643.3338,tol_5pct,
WQS0115,corn_frac_2020,0.382141,tol_1pct,
WQS0115,surplus_kgha_2015,75.037274,tol_1pct,
WQS0115,tile_frac,0.505411,tol_1pct,
WQS0115,precip_gridmet_mean_2020,1.854721,tol_1pct,
WQS0118,lat,42.0845,exact,
WQS0118,lon,-90.6327,exact,
WQS0118,water_n_days,487,exact,
WQS0118,water_first_day,2024-04-05,exact,
WQS0118,water_last_day,2026-06-08,exact,
WQS0118,water_median,8.8,exact,
WQS0118,water_max,25.97,exact,
WQS0118,water_n_ge10,203,exact,
WQS0118,basin_area_km2,4010.5682,tol_5pct,delineation method changes
WQS0118,basin_variant,1,context,basin0-3 selection is retired in build2
WQS0118,grid_n_cells,310,tol_5pct,
WQS0118,grid_coverage,252.4256,tol_5pct,
WQS0118,grid_area_km2,4010.611,tol_5pct,
WQS0118,grid_max_dist_km,161.2588,tol_5pct,
WQS0118,corn_frac_2020,0.458764,tol_1pct,
WQS0118,surplus_kgha_2015,108.424849,tol_1pct,
WQS0118,tile_frac,0.413545,tol_1pct,
WQS0118,precip_gridmet_mean_2020,2.812333,tol_1pct,
WQS0119,lat,42.0835,exact,
WQS0119,lon,-91.2713,exact,
WQS0119,water_n_days,312,exact,
WQS0119,water_first_day,2025-07-10,exact,
WQS0119,water_last_day,2026-06-08,exact,
WQS0119,water_median,7.99,exact,
WQS0119,water_max,18.32,exact,
WQS0119,water_n_ge10,93,exact,
WQS0119,basin_area_km2,4095.7715,tol_5pct,delineation method changes
WQS0119,basin_variant,1,context,basin0-3 selection is retired in build2
WQS0119,grid_n_cells,337,tol_5pct,
WQS0119,grid_coverage,259.2863,tol_5pct,
WQS0119,grid_area_km2,4095.7707,tol_5pct,
WQS0119,grid_max_dist_km,239.8609,tol_5pct,
WQS0119,corn_frac_2020,0.514025,tol_1pct,
WQS0119,surplus_kgha_2015,98.869571,tol_1pct,
WQS0119,tile_frac,0.662009,tol_1pct,
WQS0119,precip_gridmet_mean_2020,2.70409,tol_1pct,
WQS0120,lat,41.346,exact,
WQS0120,lon,-95.078,exact,
WQS0120,water_n_days,182,exact,
WQS0120,water_first_day,2025-06-11,exact,
WQS0120,water_last_day,2025-12-09,exact,
WQS0120,water_median,6.025,exact,
WQS0120,water_max,11.82,exact,
WQS0120,water_n_ge10,9,exact,
WQS0120,basin_area_km2,1135.454,tol_5pct,delineation method changes
WQS0120,basin_variant,1,context,basin0-3 selection is retired in build2
WQS0120,grid_n_cells,104,tol_5pct,
WQS0120,grid_coverage,70.6536,tol_5pct,
WQS0120,grid_area_km2,1135.4536,tol_5pct,
WQS0120,grid_max_dist_km,85.9277,tol_5pct,
WQS0120,corn_frac_2020,0.423597,tol_1pct,
WQS0120,surplus_kgha_2015,80.027031,tol_1pct,
WQS0120,tile_frac,0.396315,tol_1pct,
WQS0120,precip_gridmet_mean_2020,1.472161,tol_1pct,
WQS0121,lat,41.008,exact,
WQS0121,lon,-95.2416,exact,
WQS0121,water_n_days,184,exact,
WQS0121,water_first_day,2025-06-10,exact,
WQS0121,water_last_day,2025-12-10,exact,
WQS0121,water_median,4.92,exact,
WQS0121,water_max,11.0,exact,
WQS0121,water_n_ge10,4,exact,
WQS0121,basin_area_km2,2318.4578,tol_5pct,delineation method changes
WQS0121,basin_variant,1,context,basin0-3 selection is retired in build2
WQS0121,grid_n_cells,188,tol_5pct,
WQS0121,grid_coverage,144.0161,tol_5pct,
WQS0121,grid_area_km2,2318.4604,tol_5pct,
WQS0121,grid_max_dist_km,133.0886,tol_5pct,
WQS0121,corn_frac_2020,0.405857,tol_1pct,
WQS0121,surplus_kgha_2015,68.718909,tol_1pct,
WQS0121,tile_frac,0.342262,tol_1pct,
WQS0121,precip_gridmet_mean_2020,1.479169,tol_1pct,
WQS0122,lat,43.4668,exact,
WQS0122,lon,-92.2983,exact,
WQS0122,water_n_days,108,exact,
WQS0122,water_first_day,2025-06-11,exact,
WQS0122,water_last_day,2025-11-20,exact,
WQS0122,water_median,8.03,exact,
WQS0122,water_max,28.08,exact,
WQS0122,water_n_ge10,18,exact,
WQS0122,basin_area_km2,469.6563,tol_5pct,delineation method changes
WQS0122,basin_variant,1,context,basin0-3 selection is retired in build2
WQS0122,grid_n_cells,46,tol_5pct,
WQS0122,grid_coverage,30.1142,tol_5pct,
WQS0122,grid_area_km2,469.6494,tol_5pct,
WQS0122,grid_max_dist_km,40.9072,tol_5pct,
WQS0122,corn_frac_2020,0.499908,tol_1pct,
WQS0122,surplus_kgha_2015,91.944243,tol_1pct,
WQS0122,tile_frac,0.665851,tol_1pct,
WQS0122,precip_gridmet_mean_2020,2.415779,tol_1pct,
WQS0123,lat,43.407,exact,
WQS0123,lon,-91.8975,exact,
WQS0123,water_n_days,167,exact,
WQS0123,water_first_day,2025-06-18,exact,
WQS0123,water_last_day,2026-06-04,exact,
WQS0123,water_median,7.95,exact,
WQS0123,water_max,13.25,exact,
WQS0123,water_n_ge10,33,exact,
WQS0123,basin_area_km2,949.6189,tol_5pct,delineation method changes
WQS0123,basin_variant,1,context,basin0-3 selection is retired in build2
WQS0123,grid_n_cells,91,tol_5pct,
WQS0123,grid_coverage,60.8601,tol_5pct,
WQS0123,grid_area_km2,949.606,tol_5pct,
WQS0123,grid_max_dist_km,92.6306,tol_5pct,
WQS0123,corn_frac_2020,0.437387,tol_1pct,
WQS0123,surplus_kgha_2015,90.430343,tol_1pct,
WQS0123,tile_frac,0.437901,tol_1pct,
WQS0123,precip_gridmet_mean_2020,2.406875,tol_1pct,
WQS0124,lat,42.9828,exact,
WQS0124,lon,-95.9996,exact,
WQS0124,water_n_days,97,exact,
WQS0124,water_first_day,2025-08-12,exact,
WQS0124,water_last_day,2026-06-08,exact,
WQS0124,water_median,13.41,exact,
WQS0124,water_max,20.7,exact,
WQS0124,water_n_ge10,68,exact,
WQS0124,basin_area_km2,687.4352,tol_5pct,delineation method changes
WQS0124,basin_variant,1,context,basin0-3 selection is retired in build2
WQS0124,grid_n_cells,65,tol_5pct,
WQS0124,grid_coverage,43.8166,tol_5pct,
WQS0124,grid_area_km2,687.4369,tol_5pct,
WQS0124,grid_max_dist_km,60.5587,tol_5pct,
WQS0124,corn_frac_2020,0.499586,tol_1pct,
WQS0124,surplus_kgha_2015,193.823487,tol_1pct,
WQS0124,tile_frac,0.529821,tol_1pct,
WQS0124,precip_gridmet_mean_2020,1.305806,tol_1pct,
WQS0126,lat,42.8365,exact,
WQS0126,lon,-92.2568,exact,
WQS0126,water_n_days,104,exact,
WQS0126,water_first_day,2025-08-06,exact,
WQS0126,water_last_day,2026-06-08,exact,
WQS0126,water_median,6.19,exact,
WQS0126,water_max,21.79,exact,
WQS0126,water_n_ge10,17,exact,
WQS0126,basin_area_km2,895.92,tol_5pct,delineation method changes
WQS0126,basin_variant,1,context,basin0-3 selection is retired in build2
WQS0126,grid_n_cells,91,tol_5pct,
WQS0126,grid_coverage,57.1449,tol_5pct,
WQS0126,grid_area_km2,895.9212,tol_5pct,
WQS0126,grid_max_dist_km,96.892,tol_5pct,
WQS0126,corn_frac_2020,0.495654,tol_1pct,
WQS0126,surplus_kgha_2015,99.577576,tol_1pct,
WQS0126,tile_frac,0.672519,tol_1pct,
WQS0126,precip_gridmet_mean_2020,2.51714,tol_1pct,
GLOBAL,median_grid_over_basin_area,1.000001,tol_1pct,self-consistency; must hold in BOTH builds regardless of scope
