site_uid,basin_name,basin_type,dist_to_1,dist_to_2,dist_to_3,area1,area2,area3,selection_mode,reviewed,flag_area,flag_river,flag_not_contained,flag_basin1_over_basin2
WQS0003,WQS0003_basin1.parquet,1,0.0,0.0212604355666441,0.307265369503303,165.12492016623017,157.22078670118003,157.0980318121271,manual,True,False,False,False,True
WQS0054,WQS0054_basin1.parquet,1,0.0,,0.6628517504445081,16.88411199842259,,4.156262508157746,manual,True,False,False,False,False
WQS0115,WQS0115_basin2.parquet,2,0.0,0.0,0.0,34597.91538509592,34738.9852366377,33912.8037434811,manual,True,False,False,False,True
USGS-06808500,USGS-06808500_basin2.parquet,2,0.0,0.0,0.2478496345748829,3447.4009028737196,3447.4009028737196,3409.40604528735,manual,True,False,False,False,False
WQS0035,WQS0035_basin1.parquet,1,0.0,,1.8337969453916172,133.72135167361623,,1.5880898199739288,manual,True,False,False,False,False
USGS-05464475,USGS-05464475_basin2.parquet,2,0.0,0.0,3.383738944690534,45.31867288389545,45.31867288389545,472.3198380935986,manual,True,False,False,False,False
WQS0010,WQS0010_basin2.parquet,2,0.0178619909897125,0.0636486300141401,0.1247646918176386,11165.66320529172,11212.413899078794,11204.719177988554,manual,True,False,False,True,True
WQS0081,WQS0081_basin2.parquet,2,0.0,0.0408788004896433,1.9887229776598288,2187.277185591921,2173.605793261499,2074.25794667021,manual,True,False,False,False,True
WQS0083,WQS0083_basin2.parquet,2,0.0,0.0114000341620913,0.1956283480384084,4484.966741669463,4427.942418714189,4351.027077155498,manual,True,False,False,False,True
WQS0050,WQS0050_basin1.parquet,1,0.0,0.0,0.1929014963729546,246.83525715651965,243.52446503184217,251.8336528570292,manual,True,False,False,False,True
WQS0005,WQS0005_basin1.parquet,1,0.0,,1.233608175078907,1488.2290165602055,,3.5452014614413,manual,True,False,False,False,False
WQS0061,WQS0061_basin1.parquet,1,0.0,0.0,0.1431602438718414,15.640090696762206,1040.8142977525238,1050.380842881436,manual,True,False,False,False,True
USGS-05418110,USGS-05418110_basin2.parquet,2,0.0,0.0,0.0031050677270226,317.90440285615034,317.90440285615034,312.5892204155032,manual,True,False,False,False,False
WQS0001,WQS0001_basin1.parquet,1,0.0,1.695849271972995,1.601550835435065,8145.067880175257,21.491624303405036,78.3097100675027,manual,True,False,False,False,True
WQS0038,WQS0038_basin1.parquet,1,0.0,0.0,0.035458196221397,504.3349615237652,551.6618787354843,534.071176142092,manual,True,False,False,False,True
WQS0013,WQS0013_basin2.parquet,2,0.0,0.0,0.0417535635271788,44.786502799410776,756.7296037778424,764.2153433985096,manual,True,False,False,False,True
WQS0014,WQS0014_basin2.parquet,2,0.0,0.0,0.0,21.933879610727605,18.88818440509533,17.100578215422107,manual,True,False,False,False,True
WQS0021,WQS0021_basin1.parquet,1,0.0,,0.0,15.669470807341694,,12.676841834564032,manual,True,False,False,False,False
WQS0114,WQS0114_basin1.parquet,1,0.0,,0.5880539790002851,14.046322832065483,,5.187119850312108,manual,True,False,False,False,False
WQS0076,WQS0076_basin2.parquet,2,0.0,0.0,0.0,3.7069348008468177,254.3324202803819,260.46846593403785,manual,True,False,False,False,True
WQS0043,WQS0043_basin1.parquet,1,0.0,0.0946417916241794,0.4842547047462263,2297.954355516145,2300.6560930749756,2297.7478608445417,manual,True,False,False,False,True
WQS0024,WQS0024_basin2.parquet,2,0.0,0.0,0.2432655183974972,582.8925401049739,582.6402705284407,393.1743748882254,manual,True,False,False,False,True
WQS0040,WQS0040_basin2.parquet,2,0.0,0.0702845618954081,4.412984102750061,2259.4361037413028,2221.7716125503475,299.0093084905651,manual,True,False,False,False,True
WQS0044,WQS0044_basin2.parquet,2,0.0,0.0,0.0,2869.0685435587043,2867.7103151233364,2865.7053113560614,manual,True,False,False,False,True
WQS0048,WQS0048_basin2.parquet,2,0.0,0.0,0.0,197.7596007941089,191.8508276117713,185.6564933551767,manual,True,False,False,False,True
USGS-05464420,USGS-05464420_basin2.parquet,2,0.0,0.0,0.0,16420.07262052134,16420.07262052134,16357.81717081405,manual,True,False,False,False,False
WQS0051,WQS0051_basin1.parquet,1,0.0,2.682155596178876,0.0,184.11393532619695,129.72569667458907,171.42887086415152,manual,True,False,False,False,True
USGS-05465500,USGS-05465500_basin2.parquet,2,0.0,0.0,0.5999809090924184,32340.568128878353,32340.568128878353,32165.152136862904,manual,True,False,False,False,False
WQS0058,WQS0058_basin1.parquet,1,0.0,,1.4080236984922845,1.4176427436850367,,4.014646268779263,manual,True,False,False,False,False
WQS0104,WQS0104_basin1.parquet,1,0.0,,2.6916199794751052,31.999658498325555,,1.4315370192790229,manual,True,False,False,False,False
USGS-05412500,USGS-05412500_basin2.parquet,2,0.0,0.0,0.0,4023.991523552605,4023.991523552605,18.804092371307306,manual,True,False,False,False,False
WQS0066,WQS0066_basin4.parquet,4,0.0,,2.285795597024206,763234.8959679091,,11116.81050060763,manual,True,True,False,False,False
WQS0009,WQS0009_basin1.parquet,1,0.0,0.0,0.1779529127558467,121.36594441875717,121.57043562782552,118.21714780722505,manual,True,False,False,False,True
WQS0011,WQS0011_basin1.parquet,1,0.0,0.0,0.0,26.570597998038483,26.18073730946081,29.515951628992713,manual,True,False,False,False,True
WQS0020,WQS0020_basin1.parquet,1,0.0,,3.4105761937938595,256073.9524736115,,60.52252219614938,manual,True,True,True,False,False
WQS0032,WQS0032_basin1.parquet,1,0.0,1.165658632263653,5.552861147016639,1117.1350947259791,1048.9469864153557,1014.4877165552252,manual,True,False,False,False,True
WQS0053,WQS0053_basin1.parquet,1,0.0,0.0,1.2826460328185578,20.2340684191219,28.05519066888925,2.718924468396049,manual,True,False,False,False,True
WQS0065,WQS0065_basin4.parquet,4,0.0,0.8608792186451543,0.0,765620.0962957803,16.53540865879371,34803.232521521786,manual,True,True,False,False,True
WQS0067,WQS0067_basin1.parquet,1,0.0,,4.465145561029839,4133.423083507628,,9.254354092186365,manual,True,False,False,False,False
WQS0064,WQS0064_basin1.parquet,1,0.0,,4.288943791252136,1988.363059697733,,38.94922966570893,manual,True,False,False,False,False
WQS0063,WQS0063_basin1.parquet,1,0.0,,0.0,566.203601149407,,6.9094474097443515,manual,True,False,False,False,False
WQS0055,WQS0055_basin1.parquet,1,0.0,,0.0716979411621531,18.550875572124873,,126.7021396912988,manual,True,False,False,False,False
WQS0006,WQS0006_basin1.parquet,1,0.0,,3.168057475988917,11098.773794397152,,64.00243033385806,manual,True,False,False,False,False
WQS0111,WQS0111_basin1.parquet,1,0.0,0.0696962124019063,0.1586804463918053,89.57994632768418,87.26748619399439,85.51054632760565,manual,True,False,False,False,True
WQS0072,WQS0072_basin1.parquet,1,0.0,,1.588634757214462,774.0259358764408,,5.309651561169696,manual,True,False,False,False,False
WQS0033,WQS0033_basin1.parquet,1,0.0,,3.370588032548339,36311.10402522962,,46.11445041431563,manual,True,False,False,False,False
USGS-05418720,USGS-05418720_basin2.parquet,2,0.0,0.0,0.1536131679008159,4835.088728393596,4835.088728393596,4798.219749964521,manual,True,False,False,False,False
WQS0080,WQS0080_basin1.parquet,1,0.0,,0.0868939617152757,223.35008693758869,,226.30513797487595,manual,True,False,False,False,False
WQS0084,WQS0084_basin1.parquet,1,0.0,,1.6240399913985637,4336.914670280983,,6.797618111604691,manual,True,False,False,False,False
USGS-05482500,USGS-05482500_basin2.parquet,2,0.0,0.0,0.0,4178.8264560070575,4178.8264560070575,4146.973363856947,manual,True,False,False,False,False
USGS-05455100,USGS-05455100_basin2.parquet,2,0.0,0.0,0.232420875363037,523.3522090888915,523.3522090888915,519.0797837051773,manual,True,False,False,False,False
USGS-05484500,USGS-05484500_basin2.parquet,2,0.0,0.0,0.7957403193939765,8874.033828174563,8874.033828174563,8787.416822731002,manual,True,False,False,False,False
WQS0007,WQS0007_basin2.parquet,2,0.0,0.0,0.0,20156.059419925405,20067.847138753114,19875.953508317984,manual,True,False,False,False,True
WQS0025,WQS0025_basin1.parquet,1,0.0,1.1206680624254497,0.6359177558857668,107.1409146765428,30.04006665043193,30.635200966491087,manual,True,False,False,False,True
USGS-06603750,USGS-06603750_basin2.parquet,2,0.0,0.0,0.0,43.50505706333113,43.50505706333113,39.954596015245414,manual,True,False,False,False,False
WQS0027,WQS0027_basin2.parquet,2,0.0,0.0,2.9526523313877915,106.0190787184861,105.87188019765388,119.95440309846346,manual,True,False,False,False,True
WQS0102,WQS0102_basin2.parquet,2,0.0,0.0,0.0,30.357685417762347,32.16563491431938,33.666320532703196,manual,True,False,False,False,True
WQS0031,WQS0031_basin3.parquet,3,0.0,,0.0,0.0342562958154234,,2287.8086042942637,manual,True,False,False,False,False
WQS0023,WQS0023_basin2.parquet,2,0.0,0.0,0.504935304758905,9.366884573907534,5919.870443403211,5950.347569281186,manual,True,False,False,False,True
WQS0022,WQS0022_basin1.parquet,1,0.0,,0.0,7.883674070630927,,40.42648725859684,manual,True,False,False,False,False
WQS0012,WQS0012_basin1.parquet,1,0.0,,0.0,19.016442073922395,,2547.294040186709,manual,True,False,False,False,False
WQS0037,WQS0037_basin1.parquet,1,0.0,,0.0792576188743232,573.2877540685297,,4.345991070940883,manual,True,False,False,False,False
WQS0002,WQS0002_basin1.parquet,1,0.0,0.0373860145568578,0.0,257.3554072404799,254.3324202803819,260.46846593403785,manual,True,False,False,False,True
WQS0008,WQS0008_basin1.parquet,1,0.0,,0.0,19.016442073922395,,2547.294040186709,manual,True,False,False,False,False
USGS-05481000,USGS-05481000_basin2.parquet,2,0.0,0.0,0.1724903665148849,2187.277185591921,2187.277185591921,2129.956380378014,manual,True,False,False,False,False
USGS-05482000,USGS-05482000_basin2.parquet,2,0.0,0.0,4.945753990548365,16217.891266531513,16217.891266531513,15521.59912008412,manual,True,False,False,False,False
USGS-05482300,USGS-05482300_basin2.parquet,2,0.0,0.0,0.0381598231290646,1809.054014403379,1809.054014403379,1907.1207179130909,manual,True,False,False,False,False
USGS-05484000,USGS-05484000_basin2.parquet,2,0.0160309557274428,0.0160309557274428,0.0,11.493594296859325,11.493594296859325,2670.004722760782,manual,True,False,False,False,False
WQS0069,WQS0069_basin1.parquet,1,0.0,8.884047102120505,0.0,3320.272969672908,16813.71792183523,3311.952755109296,manual,True,False,False,False,True
USGS-05418400,USGS-05418400_basin2.parquet,2,0.0,0.0,0.0,1303.0906980969312,1303.0906980969312,388.4603229504488,manual,True,False,False,False,False
USGS-05420500,USGS-05420500_basin2.parquet,2,0.0,0.0,0.1272508598640744,220064.8148994495,220064.8148994495,46847.37656089862,manual,True,True,True,False,False
USGS-05483600,USGS-05483600_basin2.parquet,2,0.0,0.0,5.5543057638980455,1117.1350947259791,1117.1350947259791,1014.4877165552252,manual,True,False,False,False,False
USGS-06604440,USGS-06604440_basin2.parquet,2,0.0,0.0,0.0,1387.8475680726742,1387.8475680726742,1052.5228483856818,manual,True,False,False,False,False
USGS-06817000,USGS-06817000_basin2.parquet,2,0.0,0.0,0.1648310063569087,1984.1303772583829,1984.1303772583829,1983.2721426438395,manual,True,False,False,False,False
WQS0039,WQS0039_basin1.parquet,1,0.0,0.0,0.0,1077.7854388159128,1081.514504068492,1115.9721180925303,manual,True,False,False,False,True
WQS0046,WQS0046_basin1.parquet,1,0.0,,0.0682715284059761,54.68097813475632,,57.89062156203233,manual,True,False,False,False,False
WQS0047,WQS0047_basin2.parquet,2,0.0,0.0,0.0,19.155531342651088,17.76833438876115,19.288037552818416,manual,True,False,False,False,True
WQS0056,WQS0056_basin1.parquet,1,0.0,,1.2491546821569373,131.9809185660594,,13.971815701098542,manual,True,False,False,False,False
WQS0070,WQS0070_basin1.parquet,1,0.0,1.6669837548422497,2.4385117959995366,794.4754061433929,769.1172221765728,57.33737010862309,manual,True,False,False,False,True
WQS0071,WQS0071_basin1.parquet,1,0.003554147790316,1.4533987673443596,6.2923711309428425,108.3207335526418,15588.597343024474,15395.4162139349,manual,True,False,False,True,True
WQS0073,WQS0073_basin1.parquet,1,0.0563902956278903,0.8402441529558258,0.0,28.82661197900029,23.67018872008709,28.61502846306543,manual,True,False,False,False,True
WQS0074,WQS0074_basin1.parquet,1,0.0,,0.1867485568707386,141.2299359587694,,155.01120932783067,manual,True,False,False,False,False
USGS-05474500,USGS-05474500_basin2.parquet,2,0.0,0.0,0.0,307042.4184370129,307042.4184370129,4.748121442510858,manual,True,True,True,False,False
USGS-05480603,USGS-05480603_basin2.parquet,2,0.0,0.0,0.2004977036427364,88.62908770778651,88.62908770778651,107.98349488902272,manual,True,False,False,False,False
USGS-05451210,USGS-05451210_basin2.parquet,2,0.0,0.0,0.218441744769121,582.8925401049739,582.8925401049739,393.1743748882254,manual,True,False,False,False,False
USGS-05464500,USGS-05464500_basin2.parquet,2,0.0,0.0,0.0,16860.52947945805,16860.52947945805,3.517083651542545,manual,True,False,False,False,False
USGS-415959091441301,USGS-415959091441301_basin2.parquet,2,0.0,0.0,0.0612081169841655,16784.508443226274,16784.508443226274,16640.82346331262,manual,True,False,False,False,False
USGS-05480986,USGS-05480986_basin2.parquet,2,0.0,0.0,4.054198547369457,29.728980458570582,29.728980458570582,1671.1181629678676,manual,True,False,False,False,False
