Gauge,site_uid,decision,decided_by,note,signals,score,station_name,n_samples,lifespan_yr,n_nitrate_days,mean,std,ac1,noise,spike_rate,flatline_frac,longest_flat_days,seg_noise,seg_flat,seasonal_coherence,n_scrubbed
1,MPCA:41043001,,,,"scale_outlier, seg_bad",37.04,"Zumbro River at Kellogg, US61",132760,5.287,1404,114.991,311.468,0.9998,0.0175,0.008,11.49,97.96,0.4627,4.7025,0.9321887136420238,0
2,IWQIS:WQS0063,,,,"seg_bad, aseasonal",33.91,Yellow River at Ion,471787,9.018,1872,6.035,3.566,0.9978,0.0662,0.108,3.45,34.01,1.0358,4.5065,-0.012156292003547208,0
3,IWQIS:WQS0044,,,,"noisy, seg_bad, aseasonal",29.89,East Nishnabotna River at Riverton,308938,9.625,1188,4.609,2.477,0.9742,0.2273,0.865,6.2,22.77,1.491,3.2645,0.18419953977410897,0
4,IWQIS:WQS0008,,,,"seg_bad, aseasonal",28.47,Slough Creek at Orchard,439551,10.467,1790,5.331,5.335,0.9979,0.0655,0.207,6.34,24.94,1.4203,3.5915,0.016614786735854727,0
5,USGS:06796500,,,,"flatline_heavy, seg_bad",26.67,"Platte River near Leshara, Nebr.",195160,10.347,2124,0.752,0.514,0.9968,0.0802,0.0,62.83,50.48,1.4152,2.419,0.5153599181873322,0
6,USGS:03340900,,,,"flatline_heavy, seg_bad",24.91,"BIG RACCOON CREEK AT FERNDALE, IN",36649,1.046,383,1.635,1.218,0.9995,0.0309,0.0,71.45,50.8,0.8374,2.4365,0.28415287645356974,0
7,IWQIS:WQS0024,,,,seg_bad,23.82,South Fork Iowa River at New Providence,749916,15.305,2968,10.135,7.435,0.9999,0.0142,0.021,6.78,23.12,0.6377,3.283,-0.22960979128847445,0
8,USGS:06801000,,,,seg_bad,21.56,"Platte River near Ashland, Nebr.",103561,3.351,1130,2.156,1.114,0.9994,0.0354,0.0,15.69,62.2,0.3041,2.9855,0.6060220461746004,0
9,USGS:06800500,,,,seg_bad,18.51,"Elkhorn River at Waterloo, Nebr.",192861,10.347,2165,3.072,1.739,0.9989,0.0459,0.002,14.84,51.99,0.3495,2.492,0.7332366174114451,0
10,USGS:06476000,,,,"flatline_heavy, seg_bad",18.01,"JAMES RIVER AT HURON, SD",111383,5.321,1176,0.547,0.276,0.9958,0.0913,0.0,84.29,19.11,1.1567,0.918,0.10219789312067759,0
11,USGS:06481000,,,,"flatline_heavy, seg_bad",17.32,"BIG SIOUX RIVER NEAR DELL RAPIDS, SD",107167,6.279,1136,1.359,1.023,0.9995,0.031,0.0,75.76,27.01,0.4403,1.297,0.4700498342758859,0
12,IWQIS:WQS0111,,,,seg_bad,17.12,Bloody Run Creek at Marquette,320989,4.881,1402,6.295,2.557,0.9963,0.0862,0.03,3.32,14.14,1.2515,2.034,0.08351951133371917,0
13,USGS:03336890,,,,seg_bad,16.89,"SPOON RIVER NEAR ST. JOSEPH, IL",346948,13.218,3655,4.216,3.723,0.9998,0.0194,0.005,29.32,40.93,1.0337,1.965,0.02065218684634243,483
14,IWQIS:WQS0032,,,,seg_bad,16.73,Middle Raccoon River at Panora,817746,16.059,4008,6.031,5.106,0.9994,0.0354,0.014,6.33,14.46,1.4128,2.0825,-0.1849171914169997,0
15,USGS:03230427,,,,"flatline_heavy, seg_bad",16.56,Clover Groff Ditch below Alton OH,92911,3.313,990,0.448,0.386,0.9977,0.0675,0.0,78.54,24.09,0.465,1.156,0.14041250834922725,0
16,USGS:06900050,,,,"extreme_noise, noisy, flatline_heavy",15.98,"Medicine Creek near Laredo, MO",51686,5.996,1203,0.936,1.625,0.9531,0.3063,0.099,60.4,20.98,0.5588,0.5015,0.045063279224967626,0
17,USGS:06478513,,,,"flatline_heavy, seg_bad, aseasonal",15.74,"JAMES RIVER NEAR YANKTON, SD",104329,7.29,1111,0.735,0.594,0.9991,0.0423,0.0,79.87,18.8,0.6844,0.903,0.34102959695315466,0
18,USGS:06805500,,,,seg_bad,15.59,"Platte River at Louisville, Nebr.",259204,14.184,2875,1.604,1.207,0.9977,0.0682,0.007,23.39,34.58,1.0765,1.6585,0.6333885722272434,0
19,USGS:05579630,,,,seg_bad,13.73,"KICKAPOO CREEK NEAR BLOOMINGTON, IL",110000,5.01,1208,5.819,5.844,0.9998,0.0174,0.016,38.72,31.02,0.3974,1.4895,0.3076547474586462,0
20,USGS:07143672,,,,"flatline_heavy, seg_bad, aseasonal",13.71,"L ARKANSAS R AT HWY 50 NR HALSTEAD, KS",156551,9.48,3167,0.899,0.965,0.9966,0.0819,0.006,55.59,31.65,0.678,0.9045,-0.10462901595173744,0
21,USGS:07289730,,,,"extreme_noise, noisy",13.63,"BIG BLACK RIVER NR BENTONIA, MS",40107,1.435,447,0.749,0.323,0.9206,0.3986,0.0,25.74,6.14,0.8188,0.295,0.24244401832939877,0
22,USGS:01574000,,,,seg_bad,13.58,"West Conewago Creek near Manchester, PA",172029,6.132,1932,1.68,1.15,0.9916,0.1297,0.005,22.4,27.4,1.0803,1.314,0.6726496332568904,0
23,USGS:05576195,,,,"flatline_heavy, seg_bad",12.64,"SUGAR CREEK NEAR CHATHAM, IL",265368,11.168,2777,5.004,3.985,0.9999,0.0146,0.001,46.11,21.28,1.1791,1.0195,0.40516484826331456,0
24,USGS:0110588332,,,,flatline_heavy,12.22,"MARSTONS MILLS RV, DS OUT. OF BOG, MARS. MILLS, MA",157464,4.907,1760,0.837,0.248,0.993,0.1181,0.0,73.0,7.75,0.6784,0.37,0.2572348195522296,0
25,USGS:015319015,,,,"extreme_noise, noisy",11.38,"N Br Towanda Cr, Clark Rd nr Granville Summit PA",35066,1.379,389,0.7,0.66,0.9061,0.4334,0.009,10.89,0.62,1.231,0.0275,0.46427712883681,0
26,USGS:03432100,,,,flatline_heavy,11.36,"HARPETH RIVER AT MCDANIEL, TN",43715,1.54,472,0.943,0.409,0.9974,0.072,0.0,78.14,9.01,0.2942,0.424,0.08984603203407909,0
27,USGS:05599490,,,,"flatline_heavy, aseasonal",11.34,"BIG MUDDY RIVER AT RTE 127 AT MURPHYSBORO, IL",331290,10.806,3535,0.67,0.395,0.9923,0.1241,0.0,47.06,10.8,0.7811,0.519,0.31252827209421935,0
28,USGS:05576100,,,,seg_bad,11.12,"LICK CREEK NEAR WOODSIDE, IL",263948,11.162,2773,4.322,3.891,0.9994,0.0343,0.012,25.01,27.23,0.7996,1.3075,0.07434394363199588,0
29,IWQIS:WQS0009,,,,"seg_bad, aseasonal",10.66,Otter Creek at Elgin,247749,4.381,995,6.579,3.094,0.999,0.0441,0.031,4.4,9.82,0.4719,1.415,-0.08398889825576376,0
30,USGS:03433500,,,,flatline_heavy,10.55,"HARPETH RIVER AT BELLEVUE, TN",48723,1.513,526,1.055,0.327,0.9937,0.1124,0.0,72.8,3.1,0.3571,0.1455,0.5550390194765334,0
31,USGS:06899900,,,,flatline_heavy,10.49,"Medicine Creek at Lucerne, MO",52018,5.996,1198,1.128,1.697,0.9814,0.193,0.221,51.99,8.73,0.5386,0.21,0.1486113332446074,0
32,USGS:06901500,,,,noisy,10.18,"Locust Creek near Linneus, MO",55429,5.993,1235,1.023,1.126,0.9725,0.2347,0.123,40.88,8.29,0.7308,0.1995,0.4314892904791723,0
33,IWQIS:WQS0114,,,,"scale_outlier, seg_bad, aseasonal",10.12,Bloody Run Creek Headwaters at Monona,413367,4.692,1595,17.662,5.182,0.9988,0.0481,0.094,1.06,7.18,0.8812,1.027,0.5880201619166727,0
34,USGS:03381495,,,,"flatline_heavy, aseasonal",10.08,"LITTLE WABASH RIVER AT MAIN ST AT CARMI, IL",141889,6.97,1533,1.406,0.95,0.9952,0.0979,0.005,54.94,8.14,0.5454,0.391,0.32901453216442283,0
35,USGS:06902000,,,,flatline_heavy,10.07,"Grand River near Sumner, MO",115686,9.124,1258,1.097,1.266,0.996,0.0893,0.01,54.04,11.5,0.5884,0.5525,0.2667797226894964,0
36,USGS:06818000,,,,flatline_heavy,9.79,"Missouri River at St. Joseph, MO",141717,4.668,1542,1.466,0.932,0.9979,0.0652,0.0,50.19,11.43,1.0206,0.549,0.26632803468417704,0
37,USGS:03276000,,,,flatline_heavy,9.7,"EAST FORK WHITEWATER RIVER AT BROOKVILLE, IN",36019,1.073,381,1.304,0.594,0.9952,0.0979,0.0,59.35,8.85,0.5466,0.425,0.17484383478137952,0
38,IWQIS:WQS0025,,,,seg_bad,9.67,Catfish Creek at Dubuque,676435,11.148,2484,2.86,0.96,0.99,0.1415,0.014,8.65,5.39,1.3109,0.7735,0.5037268087163357,0
39,USGS:07047950,,,,flatline_heavy,9.66,"LAnguille River at Palestine, AR",66678,2.126,725,0.304,0.121,0.9957,0.0927,0.0,54.26,9.73,0.4174,0.4675,-0.08157528667078189,0
40,USGS:05554300,,,,seg_bad,9.47,"INDIAN CREEK NEAR FAIRBURY, IL",271931,14.239,2853,6.897,5.56,0.9999,0.0124,0.004,29.14,16.78,1.2132,0.806,0.3450831698400456,0
41,USGS:05579610,,,,seg_bad,9.42,"KICKAPOO CREEK AT 2100E ROAD NEAR BLOOMINGTON, IL",73511,3.239,769,9.729,7.134,0.9999,0.0143,0.015,27.02,20.83,0.5527,1.0005,0.1915798332807344,247
42,IWQIS:WQS0012,,,,seg_bad,9.29,Slough Creek at Orchard,595609,9.394,2147,8.144,3.454,0.9982,0.0592,0.01,1.24,7.58,0.996,1.092,0.13311747473873384,0
43,USGS:375350097262800,,,,aseasonal,9.23,"L ARKANSAS R UPSTREAM OF ASR FAC NR SEDGWICK, KS",179224,10.388,3506,1.108,0.834,0.9946,0.104,0.001,42.62,9.35,0.5502,0.4495,0.44853908299748035,0
44,USGS:07144100,,,,aseasonal,9.23,"L ARKANSAS R NR SEDGWICK, KS",262156,14.447,4907,1.001,0.894,0.9967,0.0811,0.001,40.74,9.69,0.8257,0.4655,0.37829481526012365,0
45,USGS:01668000,,,,flatline_heavy,9.21,"RAPPAHANNOCK RIVER NEAR FREDERICKSBURG, VA",89092,2.7,975,0.365,0.297,0.9999,0.0164,0.0,53.71,7.88,1.1589,0.3785,0.6748530444295049,3219
46,MPCA:43020001,,,,"extreme_noise, noisy",9.18,"Bridge Creek nr Houston, John Deere Dr",38538,4.824,1488,4.157,0.759,0.9325,0.3675,0.093,0.0,0.12,1.2885,0.0095,0.33668661471958866,2
47,USGS:06480000,,,,flatline_heavy,9.13,"BIG SIOUX RIVER NEAR BROOKINGS, SD",43831,2.333,478,1.267,0.693,0.999,0.0448,0.0,69.24,5.48,0.1537,0.2635,0.06473076860864983,0
48,USGS:01674500,,,,flatline_heavy,8.91,"MATTAPONI RIVER NEAR BEULAHVILLE, VA",103073,3.065,1085,0.27,0.081,0.9991,0.043,0.0,68.9,3.18,0.2775,0.153,0.41028800646774755,0
49,IWQIS:WQS0104,,,,seg_bad,8.81,Carnarvon Creek at Lake View,149317,5.048,640,14.74,8.147,0.9998,0.0212,0.043,2.15,7.82,0.2523,1.119,0.14501814132735358,0
50,IWQIS:WQS0081,,,,seg_bad,8.62,Boone River at Webster City,513233,14.233,2731,7.913,6.081,0.9998,0.0208,0.022,7.04,8.89,0.4543,1.2555,0.24601150744282785,0
51,USGS:03338780,,,,flatline_heavy,8.48,"NORTH FORK VERMILION RIVER NEAR BISMARCK, IL",188893,5.588,1996,4.983,3.967,0.9999,0.0125,0.001,54.19,10.59,0.5948,0.509,0.17846106500227332,0
52,USGS:03374100,,,,seg_bad,8.06,"WHITE RIVER AT HAZLETON, IN",383440,14.231,4298,1.455,0.811,0.9998,0.0223,0.0,7.74,24.66,0.6677,1.18,0.7821310205584175,0
53,USGS:01458500,,,,"noisy, aseasonal",7.92,Delaware River at Frenchtown NJ,35227,2.04,489,1.723,2.405,0.9725,0.2346,0.764,18.53,3.47,0.8708,0.1665,0.42420228923272985,0
54,USGS:06894650,,,,flatline_heavy,7.88,"Missouri River at Napoleon, MO",86803,2.996,930,1.789,1.013,0.9948,0.1017,0.0,47.87,6.86,0.6744,0.33,0.20468035808935112,0
55,USGS:02041650,,,,flatline_heavy,7.87,"APPOMATTOX RIVER AT MATOACA, VA",88622,2.958,1042,0.242,0.119,0.9991,0.0427,0.0,56.62,4.38,0.2175,0.2105,-0.08516027819126226,0
56,IWQIS:WQS0002,,,,seg_bad,7.85,Clear Creek at Coralville,850627,13.58,3362,4.805,3.009,0.9978,0.066,0.062,2.93,6.26,1.4268,0.854,0.2718539569603634,0
57,USGS:03381500,,,,flatline_heavy,7.78,"LITTLE WABASH RIVER AT CARMI, IL",94165,3.42,1012,1.168,0.777,0.9977,0.0676,0.001,54.25,6.83,0.4647,0.3285,0.10515369388641585,0
58,USGS:05447500,,,,flatline_heavy,7.77,"GREEN RIVER NEAR GENESEO, IL",181979,8.214,1933,3.386,2.071,0.9995,0.032,0.002,45.76,9.66,0.8874,0.464,0.33502273580261677,0
59,IWQIS:WQS0090,,,,aseasonal,7.49,Village Creek at Lansing,184105,3.361,782,2.88,1.335,0.9913,0.1316,0.016,14.21,4.46,0.595,0.643,0.48785078243245605,0
60,USGS:02035000,,,,flatline_heavy,7.3,"JAMES RIVER AT CARTERSVILLE, VA",391016,12.037,4192,0.247,0.139,0.9989,0.0472,0.0,49.48,6.85,0.7408,0.3295,0.788753798274819,0
61,USGS:01576045,,,,"extreme_noise, noisy",7.18,"Fishing Creek at Craley, PA",169698,6.518,1950,5.409,1.258,0.9602,0.282,0.338,0.56,2.2,0.927,0.106,0.6999730170095326,0
62,USGS:06808500,,,,flatline_heavy,6.99,"West Nishnabotna River at Randolph, IA",244394,10.447,2662,5.658,3.005,0.9999,0.0162,0.001,51.97,5.39,0.3442,0.259,0.36152680735661025,0
63,IWQIS:WQS0039,,,,"seg_bad, aseasonal",6.99,Boone River at Goldfield,344301,6.352,1295,7.208,4.661,0.9997,0.0226,0.015,5.58,6.14,0.7774,0.823,-0.06393312576660605,0
64,IWQIS:WQS0006,,,,seg_bad,6.92,Iowa River at Lone Tree,303452,5.445,1366,6.17,3.335,0.999,0.0438,0.053,5.2,7.08,0.6877,1.0205,0.02042915213068459,0
65,USGS:01577500,,,,noisy,6.73,"Muddy Creek at Castle Fin, PA",187877,6.017,2062,5.823,1.004,0.9744,0.2261,0.11,18.67,2.58,0.8347,0.1245,0.7131483971739575,0
66,USGS:05545750,,,,flatline_heavy,6.35,"FOX RIVER NEAR NEW MUNSTER, WI",139700,4.595,1501,1.95,0.975,0.9992,0.041,0.0,57.28,3.09,0.4489,0.149,0.7081242572829571,0
67,IWQIS:WQS0061,,,,aseasonal,6.33,Soldier River at Pisgah,306142,7.642,1123,6.056,3.107,0.9863,0.1655,0.598,0.92,0.15,1.4134,0.022,0.3005739315683798,0
68,USGS:01184000,,,,flatline_heavy,6.32,"CONNECTICUT RIVER AT THOMPSONVILLE, CT",136638,6.488,1475,0.305,0.088,0.9987,0.0504,0.0,49.83,3.39,0.6168,0.163,0.27095454630387794,0
69,USGS:05484000,,,,flatline_heavy,5.95,"South Raccoon River at Redfield, IA",262658,10.444,2781,5.512,3.629,0.9999,0.012,0.001,53.88,3.07,0.3369,0.1475,-0.10035401664059301,0
70,USGS:411955088280601,,,,flatline_heavy,5.73,"HANSON GRAVEL PIT AT CULVERT NEAR MORRIS, IL",37348,1.869,390,1.994,1.49,0.9979,0.0641,0.008,46.78,3.99,0.6219,0.192,0.2590802298902248,0
71,USGS:05446500,,,,flatline_heavy,5.67,"ROCK RIVER NEAR JOSLIN, IL",263829,11.132,2794,3.749,1.257,0.9981,0.0619,0.003,47.05,3.94,0.4151,0.1895,0.8672429596567841,0
72,USGS:07052500,,,,flatline_heavy,5.12,"James River at Galena, MO",98985,2.898,1035,2.108,1.014,0.9995,0.0312,0.0,48.52,1.7,0.236,0.082,0.09837618188597595,0
73,IWQIS:WQS0046,,,,seg_bad,5.0,Walnut Creek at Prairie City,676228,9.976,2534,5.814,3.548,0.9998,0.0194,0.007,6.46,5.47,0.5136,0.7875,0.07623329017563926,0
74,IWQIS:WQS0043,,,,aseasonal,4.85,Floyd River at James,439375,10.146,1657,10.887,6.142,0.9991,0.0416,0.088,1.28,2.64,0.9084,0.3805,-0.24525078243713022,0
75,IWQIS:WQS0056,,,,aseasonal,4.76,"Drainage tile, Tipton Creek at Sherman",224111,9.018,2198,15.356,6.615,0.9952,0.0975,0.657,2.32,1.86,0.9976,0.09,-0.40632581639176557,0
76,IWQIS:WQS0026,,,,aseasonal,4.55,Catfish Creek at Dubuque,257226,3.641,948,0.957,0.682,0.9992,0.0395,0.0,16.69,2.73,0.4873,0.393,0.5752535375415473,0
77,IWQIS:WQS0066,,,,aseasonal,4.54,Monona-Harrison Ditch at Little Sioux,390905,8.408,1440,4.565,3.295,0.9956,0.0937,0.202,3.09,0.7,1.4736,0.1,0.16293673332323852,0
78,IWQIS:WQS0064,,,,aseasonal,4.39,Upper Iowa River at Dorchester,340649,8.479,1387,5.646,3.506,0.9944,0.1062,0.222,10.01,1.28,1.044,0.1455,0.3539258029239583,0
79,USGS:0167300055,,,,aseasonal,3.82,"MECHUMPS CREEK AT HILL CARTER PKWY AT ASHLAND, VA",47082,3.831,549,0.675,0.276,0.9896,0.1444,0.0,2.24,0.67,0.3937,0.0325,0.11937866338756835,0
80,USGS:06892350,,,,aseasonal,3.24,"KANSAS R AT DESOTO, KS",380934,13.178,4093,0.862,0.625,0.9975,0.0707,0.0,2.62,1.66,1.1061,0.08,0.511197871089649,0
81,IWQIS:WQS0076,,,,aseasonal,3.17,Drainage Ditch at Coralville,242154,4.653,910,0.454,0.35,0.996,0.0892,0.001,10.53,0.49,0.6774,0.071,-0.04196870646098242,0
82,IWQIS:WQS0040,,,,aseasonal,2.68,Boyer River at Logan,453140,10.097,1631,6.044,3.779,0.9981,0.0621,0.096,1.9,1.42,0.888,0.1825,0.18058918556143821,0
83,IWQIS:WQS0080,,,,"scale_outlier, aseasonal",2.06,Saturated Buffer at Adair,373836,4.654,1320,9.371,11.479,1.0,0.0084,0.024,7.17,0.65,0.6305,0.0945,0.2945174927195407,0
84,USGS:05536356,,,,aseasonal,1.65,"GRAND CALUMET RIVER AT COLUMBIA AV AT HAMMOND, IN",155893,4.665,1647,5.95,2.232,0.9994,0.0346,0.001,7.74,2.35,0.15,0.1125,0.105548851865807,0
85,USGS:01632900,,,,aseasonal,1.15,"SMITH CREEK NEAR NEW MARKET, VA",442664,14.39,4859,2.539,0.755,0.9995,0.032,0.0,5.04,0.82,0.3315,0.04,0.43448963068958146,0
