uid,nickname,latitude,longitude,river,road,town,state,draining_area,icao,description,funding,operator_uid,colloc_uid,link_uid,downstream_uid,upstream_uid,private,status,status_message,deployed_at,discontinued_at
WQS0120,WQS 120 ENRA,41.346,-95.078,East Nishnabotna,Lansing Rd,Atlantic,IA,436,KDSM,,,iihr,{06809210},,,,f,maintenance,Real-time data currently unavailable for selected parameter. Sensors will be redeployed Spring 2026.,,
WQS0003,3CCO,41.7183,-91.7403,Clear Creek,Eagle Ave NW,Oxford,IA,61,KCID,"The Clear Creek watershed is a small (HUC10) tributary of the Lower Iowa river watershed that is highly utilized by UofI researchers due to it’s close proximity to the UofI campus. Current research projects, including funding from the Critical Zone Observatory Intensively Managed Landscapes (CZO-IML) and EPSCoR grants, provide additional water quality data sampling and resources for WQS data integration and analysis.","IIHR, INRC, EPSCoR",iihr,{05454220},226541.0,"{WQS0006,WQS0002,05465500}","{WQS0004,WQS0011}",f,discontinued,Real-time data currently unavailable for selected parameter.,,2025-01-01 00:00:00-06
WQS0090,90VCL,43.3114,-91.2368,Village Creek,X42/Lansing Harpers Rd,Lansing,IA,60,KDEH,,,iihr,,,,,f,discontinued,Real-time data currently unavailable for selected parameter.,,2025-01-01 00:00:00-06
WQS0054,54ARSWC3T,41.9649,-93.6796,"Drainage tile, Walnut Creek",E57,Ames,IA,2,KAMW,This is an ARS tile site.,,usda,,,,,f,ok,Real-time data currently unavailable for selected parameter.,,
WQS0115,115OWW,41.0178,-92.417,Des Moines River,230 Turner Dr,Ottumwa,IA,1,KDSM,Des Moines River Intake @ Ottumwa Water Works,,iihr,,,,,f,ok,Real-time data currently unavailable for selected parameter.,,
WQS9953,,-99.0,-99.0,,,,IA,1,KDSM,,,iihr,,,,,f,ok,,,
WQS9904,,41.4693,-91.7147,,,,IA,1,KDSM,,,iihr,,,,,f,discontinued,,,2024-01-01 00:00:00-06
WQS0117,117IGL2,43.341,-95.1322,Iowa Great Lakes 2,,Milford,IA,1,KDSM,Lower Gar Lake Outlet,,iihr,,,,,f,discontinued,Real-time data currently unavailable for selected parameter. Sensors will be redeployed Spring 2025.,,2025-01-01 00:00:00-06
WQS0116,116IGL1,43.5003,-95.1057,Iowa Great Lakes 1,,Spirit Lake,IA,1,KDSM,Inlet to Big Spirit Lake,,iihr,,,,,f,discontinued,Real-time data currently unavailable for selected parameter. Sensors will be redeployed Spring 2025.,,2025-01-01 00:00:00-06
WQS0035,35,42.3846,-92.2545,Miller Creek,Miller Creek Road,La Porte City,IA,23,KIIB,"Miller Creek near La Porte City, IA. This is a WQI site.",IIHR,iihr,,325170.0,"{WQS0007,05464420,05465500}",,f,discontinued,Sensors at this site have been retrieved for winter and will be redeployed spring 2024,,2024-01-01 00:00:00-06
WQS0119,WQS 119WRA,42.0835,-91.2713,Wapsipinicon River,HWY 151,Anamosa,IA,1575,KMXO,,,iihr,{05421740},,,,f,ok,,,
WQS0126,WQS 126WRT,42.8365,-92.2568,Wapsipinicon River,Piedmont Ave.,Tripoli,IA,346,KDSM,,,iihr,{05420680},,,,f,maintenance,Real-time data currently unavailable for selected parameter. Sensors will be redeployed Spring 2026.,,
WQS0123,WQS123 UIRB,43.407,-91.8975,Upper Iowa River,Bluffton Road,Bluffton,IA,367,KDSM,,,iihr,{05387440},,,,f,maintenance,Real-time data currently unavailable for selected parameter. Sensors will be redeployed Spring 2026.,,
WQS0121,121ENRRO,41.008,-95.2416,East Nishnabotna River,W Coolbaugh St,Red Oak,IA,894,KRDK,,,iihr,{06809500},,,,f,maintenance,Real-time data currently unavailable for selected parameter. Sensors will be redeployed Spring 2026.,,
WQS0124,WQS 124FRA,42.9828,-95.9996,Floyd River,460th St,Alton,IA,268,KDSM,,,iihr,{06600100},,,,f,maintenance,Real-time data currently unavailable for selected parameter. Sensors will be redeployed Spring 2026.,,
WQS0122,WQS 122UIRLS,43.4668,-92.2983,Upper Iowa River,Mill,Lime Springs,IA,181,KDSM,,,iihr,{05387320},,,,f,maintenance,Real-time data currently unavailable for selected parameter. Sensors will be redeployed Spring 2026.,,
WQS0091,91WCD,43.4326,-91.5194,Waterloo Creek,Hwy 76,Dorchester,IA,48,KDEH,,,iihr,{05388310},,,,f,discontinued,Real-time data currently unavailable for selected parameter.,,2025-06-24 00:00:00-05
WQS0010,10SRA,40.7531,-91.2756,Skunk River,Hwy 61,Augusta,IA,4312,KFSW,"This site is located near the mouth of the Skunk River before its confluence with the Mississippi River, and is a crucial load calculation site for the Iowa Nutrient Reduction Strategy. There are several Water Quality Initiative projects funded through the Iowa Nutrient Reduction Strategy upstream of this site, along with several medium-large point source discharges. ","IIHR, INRC",iihr,{05474000},273299.0,,"{WQS0038,WQS0034,WQS0050,WQS0053}",f,maintenance,Real-time data currently unavailable for selected parameter. Sensors will be redeployed Spring 2026.,,
WQS0081,81BRWC,42.4319,-93.8062,Boone River,Briggs Woods Rd,Webster City,IA,844,KEBS,,,iihr,{05481000},,,,f,maintenance,Real-time data currently unavailable for selected parameter. Sensors will be redeployed Spring 2026.,,
WQS0082,82NRRJ,41.9879,-94.377,North Raccoon River,,Jefferson,IA,1619,KPRO,,,iihr,,,,,f,discontinued,"Sensors at this site have been retrieved for Winter, and will be redeployed Spring 2024.",,2024-01-01 00:00:00-06
WQS0083,83 SRRSR,42.7117,-92.581,Shell Rock River,,Shell Rock,IA,1746,KDSM,,,iihr,{05462000},,,,f,maintenance,Real-time data currently unavailable for selected parameter. Sensors will be redeployed Spring 2026.,,
WQS0050,50WFCCW,41.2817,-91.7162,West Fork Crooked Creek,Hwy 1,Washington,IA,93,KAWG,This is a WQI site. ,,iihr,,169547.0,{WQS0010},,t,maintenance,Real-time data currently unavailable for selected parameter. Sensors will be redeployed Spring 2026.,,
WQS0089,89NRC,40.7393,-95.014,Nodaway River,J35,Clarinda,IA,1,KDSM,,,iihr,,,,,f,discontinued,Sensors at this site have been retrieved for winter and will be redeployed Spring 2020.,,2024-01-01 00:00:00-06
WQS0005,5ENGK,41.4694,-91.7147,English River,Hwy 1,Kalona,IA,576,KIOW,"English River is a large tributary of the Iowa River, characteristic of an agricultural watershed in the Southern Iowa Drift Plain. This site will be a Water Quality Initiative (WQI) project area funded through the Iowa Nutrient Reduction Strategy, and will contribute in part to statewide N-loading estimates.","IIHR, INRC",iihr,{05455500},197256.0,"{WQS0006,05465500}",,f,maintenance,Real-time data currently unavailable for selected parameter. Sensors will be redeployed Spring 2026.,,
WQS0061,61SRP,41.8305,-95.9315,Soldier River,Jackson Street,Pisgah,IA,405,KCBF,"This is a state load estimate site, collocated with USGS gage 06608500.",,iihr,{06608500},,,,f,discontinued,Real-time data currently unavailable for selected parameter.,,2025-01-01 00:00:00-06
WQS0086,86SRRR,41.5903,-94.1509,South Raccoon River,,Redfield,IA,1,KDSM,,,iihr,,,,,f,discontinued,Site requires maintenance.,,2021-05-01 00:00:00-05
WQS0101,101MCBC1,42.0941,-92.1675,Mud Creek,64th St,Benton County,IA,2,KVTI,,,iihr,,,,,f,discontinued,"Sensors at this site have been retrieved for winter, will be redeployed spring 2024.",,2024-01-01 00:00:00-06
WQS0085,,42.7116,-92.5809,,,,IA,1,KDSM,,,iihr,,,,,t,discontinued,,,2024-01-01 00:00:00-06
WQS0001,1IAIC,41.6938,-91.5481,Iowa River,Dubuque St,Iowa City,IA,3147,KIOW,This site provides nitrogen-N load estimations for the drainage area above Coralville Dam and contributes in part to statewide N-loading estimates related to the Iowa Nutrient Reduction Strategy.,"IIHR, INRC",iihr,{05453520},318213.0,"{WQS0006,05465500}","{WQS0021,WQS0051,WQS0024,WQS0048,05453520,WQS0022}",f,ok,Real-time data currently unavailable for selected parameter.,,
WQS0038,38ICA,42.0415,-93.654,Ioway Creek,Veenker Road,Ames,IA,196,KAMW,This is a WQI site.,IIHR,iihr,{05470500},292243.0,{WQS0010},,f,discontinued,Real-time data currently unavailable for selected parameter.,,2025-01-01 00:00:00-06
WQS0013,13BCB,43.0668,-92.5283,Beaver Creek,200th St / Hwy 18,Bassett,IA,17,KCCY,This site is one of two water quality monitoring sites within the Beaver Creek watershed that are currently being operated by IIHR and are funded by HUD through the Iowa Watersheds Project. This site is part of a dense network of monitoring equipment that has been deployed to track watershed conditions associated with the construction of small-scale flood mitigation projects. ,HUD,iihr,,445241.0,"{WQS0007,05464420,05458300,05465500}",{WQS0014},f,discontinued,"Sensors at this site have been retrieved for winter, and will be redeployed Spring 2023.",,2023-02-14 00:00:00-06
WQS0017,17BCFA,43.1334,-91.8895,Brockamp Creek,Echo Valley Rd,Fort Atkinson,IA,8,KDEH,,IIHR,iihr,,450023.0,"{05412500,WQS0031}",,f,discontinued,,,2016-12-31 00:00:00-06
WQS0018,18RCE,42.874,-91.3827,Roberts Creek,B32,Elkader,IA,116,KPDC,,IIHR,iihr,,416772.0,{05412500},,f,discontinued,,,2016-12-31 00:00:00-06
WQS0014,14BCC,43.1342,-92.5675,Beaver Creek,155th / T64 / B33,Colwell,IA,7,KCCY,This site is one of two water quality monitoring sites within the Beaver Creek watershed that are currently being operated by IIHR and are funded by HUD through the Iowa Watersheds Project. This site is part of a dense network of monitoring equipment that has been deployed to track watershed conditions associated with the construction of small-scale flood mitigation projects.,HUD,iihr,,451321.0,"{WQS0007,05464420,05458300,WQS0013,05465500}",,f,discontinued,"Sensors at this site have been retrieved for winter, and will be redeployed Spring 2023.",,2023-02-14 00:00:00-06
WQS0021,21RCIC1,41.7217,-91.4263,Rapid Creek,,Iowa City,IA,6,KIOW,Rapid Creek is a tributary of the Iowa River north of Iowa City. This site is located on a tributary of Rapid Creek and is part of a paired watershed study of stacked best management practices funded by the INRC. ,INRC-Rapid Creek,iihr,,226760.0,"{WQS0001,WQS0006,05465500}",,f,discontinued,Sensors at this site have been retrieved for winter and will be redeployed Spring 2019.,,2019-01-01 00:00:00-06
WQS0060,60FOWC,42.5226,-93.7874,Frye Oxbow,185th Street,Webster City,IA,76,KEBS,This site is operated in cooperation with TNC.,,iihr,,,,,f,discontinued,,,2017-11-16 00:00:00-06
WQS0113,113DFH,43.2721,-91.7805,Decorah Fish Hatchery,,Decorah,IA,1,KDSM,,,iihr,,,,,t,ok,Real-time data currently unavailable for selected parameter.,,
WQS0114,WQS 114BRCH,43.0228,-91.3431,Bloody Run Creek Headwaters,Greenfield Ave,Monona,IA,1,KDEH,,,iihr,,,,,f,ok,Real-time data currently unavailable for selected parameter.,,
WQS0112,112 MCWO,42.1014,-92.168,Mud Creek Wetland Outlet,,Keystone,IA,2,KDSM,,,iihr,,,,,f,discontinued,"Sensors at this site have been retrieved for winter, and will be redeployed Spring 2023.",,2024-01-01 00:00:00-06
WQS0079,79NRH,40.6019,-95.6452,Nishnabotna River,,Hamburg,IA,1,KDSM,,,iihr,,,,,f,maintenance,Real-time data currently unavailable for selected parameter. Sensors will be redeployed Spring 2026.,,
WQS0076,76CDD,41.6857,-91.6093,Drainage Ditch,James St,Coralville,IA,1,KIOW,This is an IWA site.,,iihr,,,,,f,discontinued,"Sensors at this site have been retrieved for winter, and will be redeployed Spring 2022.",,2022-12-01 00:00:00-06
WQS0043,43FRJ,42.5764,-96.3126,Floyd River,C70,James,IA,886,KSUX,This site is co-located with USGS discharge gage 06600500.,IIHR,iihr,{06600500},397675.0,,,f,maintenance,Real-time data currently unavailable for selected parameter. Sensors will be redeployed Spring 2026.,,
WQS0024,24SFINP,42.3149,-93.1525,South Fork Iowa River,R Avenue,New Providence,IA,224,KIFA,"On left bank 15 ft downstream from bridge on R Avenue, 2.0 mi northeast of New Providence, and 4.0 mi upstream from confluence with the Iowa River. The South Fork Iowa River is a major tributary of the Iowa River in north-central Iowa, which drains an area of intense crop and livestock production. This site is co-located with an Agricultural Research Service (USDA-ARS) project area. Was previously operated by USGS as site 05451210.",INRC,iihr,{05451210},323529.0,"{WQS0001,WQS0006,05453520,05465500}",{WQS0048},f,maintenance,Real-time data currently unavailable for selected parameter. Sensors will be redeployed Spring 2026.,,
WQS0040,40,41.6418,-95.7826,Boyer River,8th St,Logan,IA,850,KOMA,,IIHR,iihr,{06609500},273761.0,,,f,maintenance,Real-time data currently unavailable for selected parameter. Sensors will be redeployed Spring 2026.,,
WQS0044,44ENRR,40.6944,-95.5623,East Nishnabotna River,L68,Riverton,IA,1105,KRDK,This is a state load estimate site. This site is co-located with USGS discharge gage 06809900.,IIHR,iihr,{06809900},157519.0,,{WQS0037},f,maintenance,Real-time data currently unavailable for selected parameter. Sensors will be redeployed Spring 2026.,,
WQS0041,41LSRT,41.9651,-95.9733,Little Sioux River,E54,Turin,IA,760,KMEY,"Little Sioux River near Turin. This is a state load estimate site, co-located with USGS discharge gage 06607500.",IIHR,iihr,{},326674.0,{WQS0065},{WQS0042},f,discontinued,Needs to be moved so it is temporarily out.,,
WQS0042,42MRM,42.157,-95.8098,Maple River,Hwy 175,Mapleton,IA,669,KMEY,This site is co-located with USGS discharge gage 06607200.,IIHR,iihr,{},326618.0,{WQS0041},,f,discontinued,Sensors at this site have been retrieved for winter and will be redeployed Spring 2019.,,2019-01-01 00:00:00-06
WQS0048,48ARSTC,42.3178,-93.2514,Tipton Creek,M Avenue,Hubbard,IA,72,KIFA,This site is operated by USDA-ARS and is located in the SF Iowa River watershed.,USDA-ARS,usda,,335622.0,"{WQS0001,WQS0006,05453520,WQS0024,05465500}",,f,maintenance,Real-time data currently unavailable for selected parameter. Sensors will be redeployed Spring 2026.,,
WQS0051,51ARSBC,42.339,-93.1251,Beaver Creek,250th St,Eldora,IA,70,KIFA,This site is operated by USDA-ARS and is located in the SF Iowa River watershed.,,usda,,336363.0,"{WQS0001,WQS0006,05453520,05465500}",,f,maintenance,Real-time data currently unavailable for selected parameter. Sensors will be redeployed Spring 2026.,,
WQS0100,100WCDM,41.5868,-93.7035,Walnut Creek,63rd St,Des Moines,IA,1,KDSM,,,iihr,,,,,f,discontinued,"Sensors at this site have been retrieved for winter, and will be redeployed Spring 2023.",,2023-01-01 00:00:00-06
WQS0093,93BCJ,41.6879,-93.7351,Beaver Creek,,Johnston,IA,1,KDSM,,,iihr,{05481950},,,,f,discontinued,"Sensors at this site have been retrieved for winter, and will be redeployed Spring 2023.",,2023-01-01 00:00:00-06
WQS0099,99SRB,41.7761,-93.4319,South Skunk River,NE 118th Ave,Bondurant,IA,1,KDSM,,,iihr,,,,,f,discontinued,Sensor currently out of the water.,,2023-01-01 00:00:00-06
WQS0097,97FCDM,41.6129,-93.5419,Fourmile Creek,E 38th St,Des Moines,IA,1,KDSM,,,iihr,,,,,f,discontinued,"Sensors at this site have been retrieved for winter, and will be redeployed Spring 2023.",,2023-01-01 00:00:00-06
WQS0095,95CCM,41.643,-93.38,Camp Creek,Thomas Mitchell Park,Mitchellville,IA,1,KDSM,,,iihr,,,,,f,discontinued,"Sensors at this site have been retrieved for winter, and will be redeployed Spring 2023.",,2023-01-01 00:00:00-06
WQS0092,92DMRDM,41.5952,-93.6182,Des Moines River,,Des Moines,IA,1,KDSM,,,iihr,{05482000},,,,f,discontinued,"Sensors at this site have been retrieved for winter, and will be redeployed Spring 2023.",,2023-01-01 00:00:00-06
WQS0098,98RRDMWW,41.5745,-93.649,Raccoon River,Water Works Park,Des Moines,IA,1,KDSM,,,iihr,{05484900},,,,f,discontinued,"Sensors at this site have been retrieved for winter, and will be redeployed Spring 2023.",,2023-01-01 00:00:00-06
WQS0058,"Willow Creek near Kellogg, IA",41.6823,-92.869,Willow Creek,Conard Environmental Research Area,Kellogg,IA,1,KTNU,This site is operated in cooperation with Grinnell College.,,iihr,,,,,f,discontinued,"Sensors at this site have been retrieved for winter, and will be redeployed Spring 2021.",,2021-01-01 00:00:00-06
WQS0077,77ICWWTP,41.6098,-91.5054,"Effluent, Wastewater Treatment Plant",Napoleon Rd,Iowa City,IA,2,KIOW,This is a private WQS site operated in cooperation with the City of Iowa City.,,iihr,,,,,t,discontinued,,,2019-07-01 00:00:00-05
WQS0107,107ECO,42.6288,-93.8448,Eagle Creek Oxbow,,Woolstock,IA,1,KDSM,,,iihr,,,,,f,discontinued,"Sensors at this site have been retrieved for winter, and will be redeployed Spring of 2022.",,2021-12-01 00:00:00-06
WQS0078,78HCS,42.3364,-94.3977,Hardin Creek,Zebulon Ave,Somers,IA,15,KFOD,This is an INRC project site.,,iihr,,,,,t,discontinued,Site temporarily down for maintenance,,2019-01-01 00:00:00-06
WQS0108,Prairie Creek Oxbow,42.9196,-94.0706,Prairie Creek/Boone River Oxbow,,Lu Verne,IA,1,KDSM,,,iihr,,,,,f,discontinued,"Sensors at this site have been retrieved for winter, and will be redeployed Spring 2022.",,2021-12-01 00:00:00-06
WQS0110,110MRGI,42.1573,-90.3396,Maquoketa River,482nd Ave,Green Island,IA,1859,KOQW,,,iihr,,,,,f,discontinued,,,2024-01-01 00:00:00-06
WQS0105,105BCD1,41.964,-92.1442,Benton County DOT Ditch 1,,,IA,1,KDSM,,,iihr,,,,,f,discontinued,"Sensors at this site have been retrieved for winter, and will be redeployed Spring 2024.",,2024-09-01 00:00:00-05
WQS0106,106BCD2,41.964,-92.1466,Benton County DOT Ditch 2,,,IA,1,KDSM,,,iihr,,,,,f,discontinued,"Sensors at this site have been retrieved for winter, and will be redeployed Spring 2024.",,2024-09-01 00:00:00-05
WQS0109,109JCPF,41.6537,-91.604,Johnson County Poor Farm,,Iowa City,IA,1,KDSM,,,iihr,,,,,f,discontinued,"Sensors at this site have been retrieved for winter, and will be redeployed in spring 2024.",,2024-01-01 00:00:00-06
WQS9901,9901MCOCR,41.9821,-91.7735,Morgan Creek Oxbow,80th St NW,Cedar Rapids,IA,14,KCID,This is a temporary site,,iihr,,,,,f,discontinued,,,
WQS0104,104CCSC,42.2636,-95.0332,Carnarvon Creek,Quincy Ave,Lake View,IA,11,KSKI,,,iihr,,,,,f,maintenance,Real-time data currently unavailable for selected parameter. Sensors will be redeployed Spring 2026.,,
WQS0066,66MHDLS,41.8251,-96.0593,Monona-Harrison Ditch,Austin Ave,Little Sioux,IA,900,KCBF,"This is a state load estimate site, located downstream of USGS 06602400.",IIHR,iihr,{06602400},,,,f,maintenance,Real-time data currently unavailable for selected parameter. Sensors will be redeployed Spring 2026.,,
WQS0009,9OCE,42.9524,-91.6432,Otter Creek,Cedar Rd,Elgin,IA,46,KDEH,This site is one of three nested sites within the Otter Creek watershed that are currently being operated by IIHR and are funded by HUD through the Iowa Watersheds Project. This site is part of a dense network of monitoring equipment that has been deployed to track watershed conditions associated with the construction of small-scale flood mitigation projects. ,HUD,iihr,{},418967.0,"{05412500,WQS0031}","{WQS0016,WQS0015}",f,discontinued,Site temporarily down for sensor maintenance.,,2017-11-21 00:00:00-06
WQS0011,11CCSAC,41.7305,-91.9071,Clear Creek,190th St / F34,Homestead,IA,10,KCID,"The Clear Creek watershed is a small (HUC10) tributary of the Lower Iowa river watershed that is highly utilized by UofI researchers due to it’s close proximity to the UofI campus. Current research projects, including funding from the Critical Zone Observatory Intensively Managed Landscapes (CZO-IML) and EPSCoR grants, provide additional water quality data sampling and resources for WQS data integration and analysis.","INRC, EPSCoR",iihr,,228829.0,"{WQS0006,WQS0002,WQS0003,05465500}",,f,discontinued,Sensors at this site have been retrieved for winter and will be redeployed Spring 2019.,,2019-01-01 00:00:00-06
WQS0016,16OCWU,42.9472,-91.7951,Otter Creek,,West Union,IA,15,KDEH,This site is one of three nested sites within the Otter Creek watershed that are currently being operated by IIHR and are funded by HUD through the Iowa Watersheds Project. This site is part of a dense network of monitoring equipment that has been deployed to track watershed conditions associated with the construction of small-scale flood mitigation projects.,HUD,iihr,,420407.0,"{WQS0015,WQS0009,05412500,WQS0031}",,f,discontinued,Retrieval of sensors to prevent ice damage. Deployement scheduled from March 2017.,,2017-11-21 00:00:00-06
WQS0020,20MRF,41.4363,-90.8979,Mississippi River Pool 16,Yak Blvd,Fairport,IA,99300,KMUT,This site is located along Pool 16 of the Mississippi River near the Lucille A. Carver Mississippi Riverside Environmental Research Station (LACMRERS) operated by IIHR. ,"IIHR, INRC",iihr,,544495.0,,"{WQS0016,WQS0030,WQS0009,WQS0031,WQS0015,05418110,05412500,05420500,WQS0026,WQS0017,WQS0023,05418720,WQS0025,05418400,WQS0018}",f,discontinued,Sensors at this site have been retrieved for winter and will be redeployed spring 2024,,2024-01-01 00:00:00-06
WQS0032,32,41.6874,-94.3711,Middle Raccoon River,W South St,Panora,IA,440,KDSM,"On right bank 10 ft upstream from bridge on Soldier Trail, at southwestern edge of Panora, 1.5 mi upstream from Andy''s Branch, 1.6 mi downstream from Lake Panorama, 18.2 mi upstream from mouth, 66.1 mi upstream from mouth of Raccoon River, and 267.2 mi upstream from mouth of Des Moines River. Was previously operated by USGS as site 05483600.",IIHR,iihr,{05483600},279587.0,"{05484000,05487520,05484500,05483600,WQS0033}",{05483600},f,maintenance,Real-time data currently unavailable for selected parameter. Sensors will be redeployed Spring 2026.,,
WQS0053,53ARSWC3,41.9545,-93.6393,Walnut Creek,530th Ave,Kelley,IA,11,KAMW,This site is operated by USDA-ARS and is located in the South Skunk River watershed.,,usda,,265220.0,{WQS0010},,f,ok,Real-time data currently unavailable for selected parameter.,,
WQS0049,49CCD,40.772,-92.0923,Chequest Creek,Rte V64,Douds,IA,104,KOTM,This site was relocated from 19SCCD South Chequest Creek near Douds due to low water levels. This is a HUD1 site.,,iihr,,79492.0,{WQS0033},{WQS0019},f,discontinued,Site temporarily down for sensor maintenance.,,2017-11-17 00:00:00-06
WQS0068,68SCF,40.88,-92.3333,Soap Creek,Quail Ave,Floris,IA,188,KFFL,This is a turbidity-only water quality station.,,iihr,,,,,f,discontinued,Sensors at this site have been retrieved for winter and will be redeployed Spring 2018.,,2021-01-01 00:00:00-06
WQS0065,65LSRLS,41.8106,-96.0488,Little Sioux River,Austin Ave,Little Sioux,IA,4506,KCBF,"This is a state load estimate site, located downstream of USGS 06607500.",IIHR,iihr,{06607500},,,"{WQS0041,WQS0042}",f,maintenance,Real-time data currently unavailable for selected parameter. Sensors will be redeployed Spring 2026.,,
WQS0067,67RRRV,43.2146,-96.2954,Rock River,Elmwood Ave,Rock Valley,IA,1614,KCKP,This is a state load estimate site colocated with USGS 06483500.,,iihr,{06483500},,,,f,maintenance,Real-time data currently unavailable for selected parameter. Sensors will be redeployed Spring 2026.,,
WQS0064,64UIRD,43.4212,-91.509,Upper Iowa River,Hwy 76,Dorchester,IA,778,KDEH,This is a state load estimate site.,,iihr,{05388250},,,,f,maintenance,Real-time data currently unavailable for selected parameter. Sensors will be redeployed Spring 2026.,,
WQS0088,88 WFCF,42.6285,-92.5439,West Fork Cedar River,Finchford Rd,Finchford,IA,846,KALO,,,iihr,{05458900},,,,f,maintenance,Real-time data currently unavailable for selected parameter. Sensors will be redeployed Spring 2026.,,
WQS0063,63YRI,43.1115,-91.265,Yellow River,X36,Ion,IA,221,KDEH,"This is a load estimate site, collocated with USGS gage 05389000.",,iihr,{05389000},,,,f,ok,Real-time data currently unavailable for selected parameter. Sensors will be redeployed Spring 2026.,,
WQS0055,55ARSTCT,42.3829,-93.3911,"Drainage tile, Tipton Creek",220th St,Sherman,IA,7,KIFA,This is an ARS tile site.,,usda,,,,,f,ok,Real-time data currently unavailable for selected parameter.,,
WQS0006,6IALT,41.4238,-91.4787,Iowa River,Tri-County Bridge Rd,Lone Tree,IA,4293,KIOW,The Iowa River near Lone Tree WQS site is a significant location for strategic load calculation to quantify the Iowa River watershed’s contribution of N-loading to the Mississippi River. This site is located immediately upstream of the confluence with the Cedar River. ,"IIHR, INRC",iihr,{},318272.0,{05465500},"{WQS0021,WQS0003,WQS0004,WQS0051,WQS0002,05455100,WQS0024,WQS0001,WQS0005,WQS0048,WQS0011,05453520,WQS0022}",f,discontinued,Site temporarily down for sensor maintenance.,,2017-11-13 00:00:00-06
WQS0096,96FCA,41.7173,-93.5697,Fourmile Creek,,Ankeny,IA,1,KDSM,,,iihr,,,,,f,discontinued,"Sensors at this site have been retrieved for winter, and will be redeployed Spring 2023.",,2023-01-01 00:00:00-06
WQS0111,111BRCM,43.0406,-91.2059,Bloody Run Creek,Hwy 18,Marquette,IA,34,KDEH,,,iihr,{05389400},,,,f,maintenance,Real-time data currently unavailable for selected parameter.,,
WQS0028,28DMRB,42.0818,-93.9383,Des Moines River,188th Rd,Boone,IA,56,KBNW,This site is one of two sites located in the Des Moines River watershed in cooperation with the City of Boone Water Work to evaluate the river-groundwater interaction at/near the Water Works intake wells. This site is located upstream of the Saylorville Reservoir and may be used to help quantify loads associated with activities upstream of the reservoir.,INRC,iihr,,378421.0,"{WQS0029,05487520,05482000,WQS0033}","{WQS0045,WQS0029,WQS0039,05481000}",f,discontinued,,,2017-01-01 00:00:00-06
WQS9931,99qwBSFH,42.9107,-91.4704,Groundwater / Spring,Big Springs Rd,Elkader,IA,103,KDSM,,IIHR,iihr,,434457.0,,,f,discontinued,,,2024-01-01 00:00:00-06
WQS0029,29gwDMRB,42.08,-93.9363,Water supply well,188th Rd,Boone,IA,56,KBNW,This site is one of two sites located in the Des Moines River watershed in cooperation with the City of Boone Water Work to evaluate the river-groundwater interaction at/near the Water Works intake wells. This site is located upstream of the Saylorville Reservoir and may be used to help quantify loads associated with activities upstream of the reservoir.,INRC,iihr,,378421.0,"{WQS0028,05487520,05482000,WQS0033}","{WQS0045,WQS0028,WQS0039,05481000}",f,discontinued,,,2017-01-01 00:00:00-06
WQS0072,72ERNE,41.527,-91.9896,North English River,F67,North English,IA,294,KAWG,This is an IWA site collocated with IFC bridge sensor NENGLSH01.,,iihr,,,,,f,discontinued,"Sensors at this site have been retrieved for winter, and will be redeployed Spring 2023.",,2024-01-01 00:00:00-06
WQS0118,118MRM,42.0845,-90.6327,Maquoketa River,Hwy 62,Maquoketa,IA,1553,KOQW,,,iihr,{05418500},,,,f,maintenance,Real-time data currently unavailable for selected parameter. Sensors will be redeployed Spring 2026.,,
WQS0033,33DMRK,40.7269,-91.9606,Des Moines River,Hwy 1,Keosauqua,IA,14038,KFFL,Des Moines River at Keosauqua. This is a state load estimate site.,IIHR,iihr,{05490500},204187.0,,"{WQS0046,05482500,05482300,WQS0045,05487520,WQS0047,05484500,WQS0019,WQS0049,WQS0029,WQS0028,WQS0032,WQS0039,05483600,05481000,05484000,05482000}",f,maintenance,Real-time data currently unavailable for selected parameter. Sensors will be redeployed Spring 2026.,,
WQS0080,80SBA,41.4501,-94.4154,Saturated Buffer,Pinewood Ave,Adair,IA,85,KDSM,,,iihr,,,,,f,discontinued,Sensors at this site require maintenance.,,2023-02-13 00:00:00-06
WQS9996,,-99.0,-99.0,,,,IA,1,KDSM,,,iihr,,,,,f,maintenance,Retrieval of sensors to prevent ice damage. Deployement scheduled from March 2017.,,
WQS0084,84CRJ,42.6494,-92.4666,Cedar River,Barrick Rd,Janesville,IA,55872,KALO,,,iihr,{05458500},,,,f,maintenance,Real-time data currently unavailable for selected parameter. Sensors will be redeployed Spring 2026.,,
WQS9995,,-99.0,-99.0,,,,IA,1,KDSM,,,iihr,,,,,f,maintenance,Retrieval of sensors to prevent ice damage. Deployement scheduled from March 2017.,,
WQS0019,19SCCD,40.7828,-92.1979,South Chequest Creek,Hwy 13,Douds,IA,31,KIOW,South Chequest creek is a tributary of the Des Moines River in SE Iowa. This site is currently being operated by IIHR and are funded by HUD through the Iowa Watersheds Project. This site is part of a dense network of monitoring equipment that has been deployed to track watershed conditions associated with the construction of small-scale flood mitigation projects. ,HUD,iihr,,79465.0,"{WQS0049,WQS0033}",,f,discontinued,,,2017-01-01 00:00:00-06
WQS0007,7CRC,41.4098,-91.2904,Cedar River,231st St / G28,Conesville,IA,7787,KMUT,This site is a significant location for strategic load calculation to quantify the Cedar River watershed’s contribution of N-loading to the Mississippi River. This site is located immediately upstream of the confluence with the Iowa River.,"IIHR, INRC",iihr,{05465000},368052.0,{05465500},"{05464420,WQS0052,WQS0027,0546494205,WQS0012,WQS0035,WQS0008,WQS0013,05458300,WQS0014}",f,ok,Real-time data currently unavailable for selected parameter. Sensors will be redeployed Spring 2026.,,
WQS0025,25CFCD1,42.4674,-90.683,Catfish Creek,Manson Rd,Dubuque,IA,41,KDBQ,This site is one of two sites located on Catfish Creek related to a nutrient trading study funded by the INRC. The City of Dubuque is a partner of this site.,"INRC, City of Dubuque",iihr,,345307.0,,,f,maintenance,Real-time data currently unavailable for selected parameter. Sensors will be redeployed Spring 2026.,,
WQS9902,,42.0818,-93.938,,,,IA,5598,KDSM,,,iihr,,,,,t,ok,,,
WQS9997,,-99.0,-99.0,,,,IA,1,KDSM,,,iihr,,,,,f,maintenance,Retrieval of sensors to prevent ice damage. Deployement scheduled from March 2017.,,
WQS0026,26CFCD2,42.4813,-90.6954,Catfish Creek,Fremont Ave,Dubuque,IA,13,KDBQ,This site is one of two sites located on Catfish Creek related to a nutrient trading study funded by the INRC. The City of Dubuque is a partner of this site.,HUD,iihr,,347633.0,,,f,discontinued,"Sensors at this site have been retrieved for winter, and will be redeployed Spring 2019.",,2021-01-01 00:00:00-06
WQS0027,27LCB,42.2974,-92.0177,Lime Creek,,Brandon,IA,41,KVTI,"Lime Creek is a tributary of the Cedar River in east-central Iowa. This site is owned and operated by Coe College, and is part of a long-term monitoring project in the Lime Creek watershed.","Coe College, INRC",iihr,,342038.0,"{WQS0007,05464420,05465500}",,f,discontinued,Sensors at this site have been retrieved for winter and will be redeployed Spring 2021.,,2024-01-01 00:00:00-06
WQS0102,102MCBC2,42.0796,-92.1136,Mud Creek,65th St,Benton County,IA,12,KVTI,,,iihr,,,,,f,discontinued,"Sensors at this site have been retrieved for winter, and will be redeployed Spring 2024.",,2024-01-01 00:00:00-06
WQS0103,103MCBC3,42.1014,-92.0663,Mud Creek,22nd Ave,Benton County,IA,1,KVTI,,,iihr,{},,,,f,discontinued,"Sensors at this site have been retrieved for winter, and will be redeployed Spring 2024.",,2024-01-01 00:00:00-06
WQS0031,31gwBSFH,42.9104,-91.4707,Groundwater / Spring,Big Springs Rd,Elkader,IA,103,KDEH,,IIHR,iihr,,434457.0,{05412500},"{WQS0016,WQS0009,WQS0015,WQS0017}",f,ok,Real-time data currently unavailable for selected parameter.,,
WQS0015,15OCEH,42.9501,-91.7538,Otter Creek,Hornet Rd,Elgin,IA,26,KDEH,This site is one of three nested sites within the Otter Creek watershed that are currently being operated by IIHR and are funded by HUD through the Iowa Watersheds Project. This site is part of a dense network of monitoring equipment that has been deployed to track watershed conditions associated with the construction of small-scale flood mitigation projects.,HUD,iihr,,418943.0,"{WQS0009,05412500,WQS0031}",{WQS0016},f,discontinued,Retrieval of sensors to prevent ice damage. Deployement scheduled from March 2017.,,
WQS0023,23WRDW,41.7669,-90.535,Wapsipinicon River,,De Witt,IA,2336,KDVN,The Wapsi River location is a crucial site for N load estimations associated with the Iowa Nutrient Reduction Strategy.,HUD,iihr,{05422000},426239.0,,,f,maintenance,Real-time data currently unavailable for selected parameter. Sensors will be redeployed Spring 2026.,,
WQS0022,22RCIC2,41.7483,-91.4338,Rapid Creek,,Iowa City,IA,3,KIOW,Rapid Creek is a tributary of the Iowa River north of Iowa City. This site is located on a tributary of Rapid Creek and is part of a paired watershed study of stacked best management practices funded by the INRC. ,INRC-Rapid Creek,iihr,,231969.0,"{WQS0001,WQS0006,05465500}",,f,discontinued,"Sensors at this site have been retrieved for winter, and will be redeployed Spring 2019.",,2019-01-01 00:00:00-06
WQS0004,4CCH,41.7012,-91.8572,Clear Creek,210th St / F35,Homestead,IA,8,KCID,"On left bank of Clear Creek, 5 ft upstream of 210th St bridge.",IIHR,iihr,,220846.0,"{WQS0006,WQS0002,WQS0003,05465500}",,f,discontinued,"This site was discontinued in 2014 in favor of continuing measurement at the South Amana catchment location, currently WQS0011",,2014-12-31 00:00:00-06
WQS0087,87IRW,41.1781,-91.1821,Iowa River,,Wapello,IA,1,KMUT,Turbidity only site,,iihr,,,,,f,discontinued,,,2024-01-01 00:00:00-06
WQS0094,WQS 94MCB,41.6886,-93.4639,Mud Creek,,Bondurant,IA,1,KDSM,,,iihr,,,,,f,discontinued,"Sensors at this site have been retrieved for winter, and will be redeployed Spring 2023.",,2023-01-01 00:00:00-06
WQS9903,,41.4099,-91.2906,,,,IA,0,KDSM,,,iihr,,,,,f,discontinued,,,2024-01-01 00:00:00-06
WQS0030,30gwMFH,42.4718,-91.3996,Groundwater / Spring,205th Ave,Delaware,IA,15,KIIB,Manchester Fish Hatchery  installed in late 2015 in collaboration with Iowa DNR.,IIHR,iihr,,347818.0,{05418720},,f,discontinued,Site retrieved. Completion of 2017 field season,,2017-11-17 00:00:00-06
WQS9998,,-99.0,-99.0,,,,IA,1,KDSM,,,iihr,,,,,f,discontinued,Retrieval of sensors to prevent ice damage. Deployement scheduled from March 2017.,,2022-05-20 00:00:00-05
WQS9999,test,41.6562,-91.5387,Cedar River,West Burlington Street,Iowa City,IA,3241,KIOW,This is a test logger.  41.6562  -91.5387,IIHR,iihr,{},,,,t,maintenance,Retrieval of sensors to prevent ice damage. Deployement scheduled from March 2017.,,
WQS0034,34CCB,41.0099,-92.119,Cedar Creek,Hwy 34,Batavia,IA,248,KFFL,Cedar Creek at Batavia. This is a WQI site.,IIHR,iihr,,114158.0,{WQS0010},,f,discontinued,"Sensors at this site have been retrieved for winter, and will be redeployed Spring 2020.",,2020-01-01 00:00:00-06
WQS0075,75WNRH,41.6456,-95.3128,West Nishnabotna River,Hwy 44,Harlan,IA,313,KHNR,This is an IWA site colocated with IFC bridge sensor WNISH03.,,iihr,,,,,f,discontinued,"Sensors at this site have been retrieved for winter, and will be redeployed Spring 2022.",,2024-01-01 00:00:00-06
WQS0012,12SCO,43.2063,-92.7323,Slough Creek,Hwy 218,Orchard,IA,5,KCCY,"This site monitors the inflow of water to the CREP wetland on Slough Creek. The CREP wetland sites are important for demonstrating the effectiveness of constructed wetlands for the purpose reducing nitrate loads to the Cedar and Mississippi Rivers, which is a key intent of the Iowa Nutrient Reduction Strategy.",INRC,iihr,,458639.0,"{WQS0007,05464420,05458300,WQS0008,05465500}",,f,discontinued,"Sensors at this site have been retrieved for winter, and will be redeployed Spring 2024",,2024-01-01 00:00:00-06
WQS0037,37ENRB,41.5119,-94.9359,East Nishnabotna River,354th St,Brayton,IA,278,KOMA,,IIHR,iihr,,246425.0,{WQS0044},,f,discontinued,"Sensors at this site have been retrieved, and will be redeployed Spring 2023.",,2024-01-01 00:00:00-06
WQS0002,2CCC,41.6765,-91.5983,Clear Creek,Camp Cardinal,Coralville,IA,98,KIOW,"The Clear Creek watershed is a small (HUC10) tributary of the Lower Iowa river watershed that is highly utilized by UofI researchers due to it’s close proximity to the UofI campus. Current research projects, including funding from the Critical Zone Observatory Intensively Managed Landscapes (CZO-IML) and EPSCoR grants, provide additional water quality data sampling and resources for WQS data integration and analysis.","IIHR, INRC, EPSCoR",iihr,{05454300},226574.0,"{WQS0006,05465500}","{WQS0003,WQS0004,WQS0011}",t,maintenance,Real-time data currently unavailable for selected parameter.,,
WQS0008,8SCCREP,43.21,-92.7503,Slough Creek,,Orchard,IA,6,KCCY,"This site monitors the outflow of water from the weir of the CREP wetland on Slough Creek. The CREP wetland sites are important for demonstrating the effectiveness of constructed wetlands for the purpose reducing nitrate loads to the Cedar and Mississippi Rivers, which is a key intent of the Iowa Nutrient Reduction Strategy.","IIHR, INRC",iihr,,458644.0,"{WQS0007,05464420,05458300,05465500}",{WQS0012},f,discontinued,"Sensors at this site have been retrieved for winter, and will be redeployed Spring 2024.",,2024-01-01 00:00:00-06
WQS0052,52MRCR,42.0198,-91.6661,McLoud Run,Center Point Rd,Cedar Rapids,IA,2,KCID,This is an urban stormwater drainage site operated in conjunction with water monitoring by the City of Cedar Rapids.,,iihr,,276896.0,"{WQS0007,05465500}",,f,discontinued,Retrieval of sensors to prevent ice damage. Deployement scheduled from March 2017.,,2017-09-05 00:00:00-05
WQS0045,45DMRS,42.2392,-93.9953,Des Moines River,River Road,Stratford,IA,5452,KDSM,This site is located approximately 1 mile downstream of the USGS discharge gage 05481300.,IIHR,iihr,{},378372.0,"{WQS0029,WQS0028,05487520,05482000,WQS0033}","{WQS0039,05481000}",f,discontinued,Sensors at this site have been retrieved for winter and will be redeployed Spring 2020.,,2020-01-01 00:00:00-06
WQS0059,"Perry Pond near Kellogg, IA",41.6808,-92.86,Perry Pond,Conard Environmental Research Area,Kellogg,IA,1,KTNU,This site is operated in cooperation with Grinnell College.,,iihr,,,,,f,discontinued,"Sensors at this site have been retrieved for winter, and will be redeployed Spring 2021.",,2021-01-01 00:00:00-06
WQS0069,69WRCC,42.179,-91.5008,Wapsipinicon River,Jordans Grove Road,Central City,IA,1282,KIIB,This is an IWA site located downstream from IFC bridge sensor WAPSI05 at Central City.,,iihr,,,,,f,discontinued,"Sensors at this site have been retrieved for winter, and will be redeployed Spring 2023.",,2023-02-14 00:00:00-06
WQS0036,36TRDC,40.6407,-93.8078,Thompson River,N Bridge St,Davis City,IA,701,KDSM,,IIHR,iihr,{06898000},79118.0,,,f,discontinued,Site requires relocation in Spring 2023.,,2024-01-01 00:00:00-06
WQS0039,39BRG,42.7246,-93.9472,Boone River,225th Street,Goldfield,IA,420,KEAG,"This is a state load estimate site, co-located with USGS discharge gage 05480820.",IIHR,iihr,{05480820},412870.0,"{05481000,WQS0045,WQS0029,WQS0028,05487520,05482000,WQS0033}",,f,discontinued,"Sensors at this site have been retrieved for winter, and will be redeployed Spring 2023.",,2023-02-14 00:00:00-06
WQS0046,46ARSWC1,41.537,-93.2588,Walnut Creek,S 112th Ave W,Prairie City,IA,20,KDSM,This site is operated by USDA-ARS and is located at the Neal Smith Wildlife Refuge.,USDA-ARS,usda,,207286.0,{WQS0033},{WQS0047},f,ok,Real-time data currently unavailable for selected parameter.,,
WQS0047,47ARSWC2,41.601,-93.296,Walnut Creek,Iowa 163,Prairie City,IA,7,KDSM,This site is operated by USDA-ARS and is located at the Neal Smith Wildlife Refuge.,USDA-ARS,usda,,207267.0,"{WQS0046,WQS0033}",,f,ok,Real-time data currently unavailable for selected parameter.,,
WQS0056,56ARSTCT,42.3805,-93.388,"Drainage tile, Tipton Creek",S27,Sherman,IA,47,KIFA,This is an ARS tile site.,,usda,,,,,f,ok,Real-time data currently unavailable for selected parameter.,,
WQS0062,62MCC,42.7771,-95.53,Mill Creek,Old 21 Rd,Cherokee,IA,295,KCKP,This is a WQI site.,,iihr,,,,,f,discontinued,"Sensors at this site have been retrieved for winter, and will be redeployed Spring 2020.",,2019-01-01 00:00:00-06
WQS0070,70WCD,42.2572,-92.2793,Wolf Creek,11th Ave,Dysart,IA,299,KCID,This is an IWA site located downstream of USGS 05464220.,,iihr,{05464220},,,,f,discontinued,Sensors at this site have been retrieved for winter and will be redeployed Spring 2022.,,2024-01-01 00:00:00-06
WQS0071,71MCV,42.1548,-92.0057,Mud Creek,E24,Vinton,IA,44,KVTI,This is an IWA site colocated with IFC bridge sensor MUDCR01.,,iihr,,,,,f,discontinued,"Sensors at this site have been retrieved for winter, will be redeployed spring 2024.",,2024-01-01 00:00:00-06
WQS0073,73PCSL,42.6515,-95.25,Powell Creek,80th Ave,Storm Lake,IA,68,KSLB,This is an IWA site.,,iihr,,,,,f,discontinued,Real-time data currently unavailable for selected parameter. Sensors will be redeployed Spring 2025.,,2025-01-01 00:00:00-06
WQS0074,74CCP,42.7152,-94.7963,Cedar Creek,N33,Pocahontas,IA,55,KPOH,This is an IWA site.,,iihr,,,,,f,discontinued,"Sensors at this site have been retrieved, and will be redeployed Spring 2023.",,2024-01-01 00:00:00-06
