site_uid,n,lifespan_yr,sparsity,mean,med,std,vmin,vmax,pct_neg,pct_out,ac1,noise,roughness,spike_rate,flatline_frac,seg_noise,seg_flat,seasonal_coherence,z_mean,z_std,z_noise,z_ac1,z_seasonal_coherence,z_flatline_frac,z_seg_noise,z_seg_flat,known_bad,in_manifest
9903   ,0.0,0.0,0.0,,,,,,,,,,,,,,,,,,,,,,,,False,False
ARS0001,0.0,0.055,0.0,,,,,,,,,,,,,,,,,,,,,,,,False,False
SCN0001,0.0,0.73,0.0,,,,,,,,,,,,,,,,,,,,,,,,False,False
SCN0002,0.0,0.024,0.0,,,,,,,,,,,,,,,,,,,,,,,,False,False
SCNOOO1,0.0,0.0,0.0,,,,,,,,,,,,,,,,,,,,,,,,False,False
UNKNOWN,0.0,0.0,0.0,,,,,,,,,,,,,,,,,,,,,,,,False,False
WQP0001,16726.0,3.082,0.1111,5.17,7.775,4.625,0.11,26.8,0.0,0.0,0.9915,0.1303,0.0726,0.317,24.1,0.4101,0.055,0.5939033484193879,-0.44,0.76,1.75,-3.63,-0.01,5.69,-0.67,-0.42,False,False
WQP0002,18629.0,0.559,0.9997,2.026,2.33,1.066,0.5,4.12,0.0,0.0,1.0,0.0063,0.0077,0.0,6.34,0.1785,0.043,0.6015563841055842,-1.6,-1.29,-1.13,0.78,0.01,0.67,-1.17,-0.54,False,False
WQP0003,153618.0,2.275,0.6979,7.409,8.59,4.565,0.11,49.98,0.0,0.003,0.9997,0.0234,0.0154,0.019,1.05,0.7348,0.019,0.7116826425426468,0.39,0.72,-0.73,0.62,0.33,-0.82,0.03,-0.77,False,False
WQP0004,201199.0,2.294,0.8956,15.857,17.14,9.497,0.11,49.93,0.0,0.063,0.9997,0.0262,0.053,0.152,0.45,0.6945,0.1235,0.5363869035890532,3.5,3.56,-0.66,0.62,-0.18,-0.99,-0.06,0.24,False,False
WQP0005,237271.0,2.587,1.0,7.477,6.97,2.807,1.6,25.97,0.0,0.0,0.9996,0.0277,0.0323,0.003,3.96,0.4599,0.368,-0.14267537258993504,0.41,-0.29,-0.63,0.57,-2.16,-0.0,-0.56,2.58,False,False
WQP0006,230171.0,2.338,1.0,3.905,4.38,1.405,0.16,12.73,0.0,0.0,0.9999,0.0111,0.0049,0.0,22.81,0.5436,0.117,0.5320348025602671,-0.91,-1.09,-1.01,0.73,-0.19,5.33,-0.38,0.17,False,False
WQP0007,190998.0,2.338,0.8873,2.697,2.66,1.522,0.11,10.84,0.0,0.0,0.9999,0.0114,0.0039,0.001,34.1,1.293,0.095,0.15465186248757062,-1.35,-1.03,-1.01,0.73,-1.29,8.0,1.24,-0.04,False,False
WQP0008,99114.0,2.083,0.9873,15.058,14.1,5.403,0.45,49.88,0.0,0.565,0.9992,0.0394,0.0262,0.024,1.59,0.1273,0.023,0.795335316077728,3.2,1.21,-0.36,0.36,0.58,-0.67,-1.28,-0.73,False,False
WQP0009,94670.0,2.083,0.7708,14.347,14.39,5.222,0.11,24.77,0.0,0.0,0.9989,0.0465,0.0315,0.144,1.05,0.3081,0.0315,0.8298914583753267,2.94,1.1,-0.19,0.21,0.68,-0.82,-0.89,-0.65,False,False
WQP0010,94635.0,1.127,0.9974,11.107,11.21,4.425,0.11,25.97,0.0,0.0,0.9971,0.0768,0.0958,0.229,6.31,0.589,0.8615,0.6729615575276069,1.75,0.64,0.51,-0.73,0.22,0.66,-0.28,7.32,False,False
WQP0011,57269.0,1.089,0.873,7.902,8.97,4.435,0.11,19.6,0.0,0.0,0.9979,0.0644,0.0386,0.11,2.48,0.8193,0.0295,0.8102770399115482,0.57,0.65,0.22,-0.31,0.62,-0.42,0.21,-0.67,False,False
WQP0012,65576.0,0.985,0.9222,8.89,9.38,4.173,0.11,39.02,0.0,0.0,0.9933,0.1158,0.118,0.525,1.04,0.6869,0.157,0.6700472045988446,0.93,0.5,1.42,-2.7,0.21,-0.83,-0.07,0.56,False,False
WQP0013,75915.0,0.996,0.9173,8.027,8.71,4.041,0.11,17.78,0.0,0.0,0.9979,0.0651,0.0379,0.17,9.41,0.5454,0.7335,0.7029049130754873,0.61,0.42,0.24,-0.31,0.31,1.54,-0.38,6.09,False,False
WQP0014,73012.0,0.859,0.818,20.077,19.26,4.211,5.22,50.0,0.0,0.319,0.999,0.0455,0.0702,0.033,0.13,0.4487,0.013,0.05462673145640218,5.05,0.52,-0.22,0.26,-1.59,-1.08,-0.59,-0.83,False,False
WQP0015,0.0,0.859,0.0,,,,,,,,,,,,,,,,,,,,,,,,False,False
WQP0016,13644.0,0.147,0.9376,11.52,11.89,1.771,0.12,13.53,0.0,0.0,0.9973,0.074,0.0262,0.037,0.0,0.2253,0.009,0.274654694641414,1.9,-0.88,0.45,-0.62,-0.94,-1.12,-1.07,-0.86,False,False
WQS0001,1145420.0,13.776,0.9878,4.985,4.7,3.47,0.11,25.97,0.0,0.0,0.9972,0.0746,0.0271,0.049,6.24,1.0616,0.747,0.9260030292464835,-0.51,0.09,0.46,-0.67,0.96,0.64,0.74,6.22,False,True
WQS0002,851348.0,13.58,0.9368,4.806,4.93,3.009,0.101,45.85,0.0,0.0,0.9978,0.066,0.0296,0.062,2.94,1.4268,0.854,0.8330673761366332,-0.57,-0.17,0.26,-0.36,0.69,-0.29,1.53,7.25,False,True
WQS0003,759021.0,12.55,0.9623,5.86,6.04,3.316,0.11,25.97,0.0,0.0,0.9963,0.0863,0.068,0.153,1.27,1.3001,0.092,0.9020766254144211,-0.19,0.01,0.73,-1.14,0.89,-0.76,1.26,-0.07,False,True
WQS0004,68901.0,2.74,0.9075,6.832,8.452,4.277,0.1,14.602,0.0,0.0,0.9985,0.0544,0.0669,0.154,2.69,0.6986,0.0345,0.8078287633858663,0.17,0.56,-0.01,0.0,0.61,-0.36,-0.05,-0.62,False,True
WQS0005,734817.0,14.02,0.817,4.768,4.48,3.643,0.106,25.97,0.0,0.0,0.9978,0.0663,0.0564,0.196,8.04,1.4766,1.291,0.874948115139399,-0.59,0.19,0.27,-0.36,0.81,1.15,1.64,8.0,False,True
WQS0006,303452.0,5.445,0.9693,6.17,6.32,3.335,0.1,25.968,0.0,0.0,0.999,0.0438,0.0219,0.053,5.22,0.6877,1.0205,0.6336518252364438,-0.07,0.02,-0.26,0.26,0.1,0.35,-0.07,8.0,False,True
WQS0007,767267.0,14.011,0.8622,5.123,5.358,3.157,0.1,45.4,0.0,0.0,0.9965,0.0838,0.0512,0.139,5.25,1.1341,0.172,0.489740363914059,-0.46,-0.09,0.67,-1.04,-0.32,0.36,0.9,0.7,False,True
WQS0008,439554.0,10.513,0.8974,5.331,3.94,5.335,0.1,32.74,0.0,0.0,0.9979,0.0655,0.0792,0.207,6.36,1.4205,7.188,0.42876825501882804,-0.38,1.17,0.25,-0.31,-0.49,0.68,1.52,8.0,False,True
WQS0009,247749.0,4.419,0.9869,6.579,6.327,3.094,0.1,25.97,0.0,0.0,0.999,0.0441,0.0167,0.031,4.4,0.4719,1.415,0.3898012515563955,0.08,-0.12,-0.25,0.26,-0.61,0.12,-0.54,8.0,False,True
WQS0010,639827.0,12.207,0.8162,5.381,5.33,3.375,0.104,25.97,0.0,0.0,0.9992,0.0401,0.0227,0.007,4.26,1.3219,0.2705,0.800957800234096,-0.36,0.04,-0.34,0.36,0.59,0.08,1.3,1.65,False,True
WQS0011,323865.0,4.54,0.9329,7.848,8.57,3.405,0.1,25.97,0.0,0.0,0.9981,0.0613,0.0425,0.104,2.94,0.8963,0.055,0.5506028495042428,0.55,0.06,0.15,-0.21,-0.14,-0.29,0.38,-0.42,False,True
WQS0012,595624.0,9.394,0.9929,8.144,8.05,3.455,0.105,25.97,0.0,0.0,0.9982,0.0592,0.0257,0.01,1.24,0.996,1.092,0.7400467182406952,0.66,0.09,0.1,-0.16,0.42,-0.77,0.6,8.0,False,True
WQS0013,425608.0,8.472,0.9161,7.879,8.04,3.391,0.103,33.84,0.0,0.0,0.9957,0.0924,0.0563,0.209,3.89,1.1416,0.356,0.787058382788443,0.56,0.05,0.87,-1.45,0.55,-0.02,0.91,2.47,False,True
WQS0014,418514.0,8.461,0.9602,6.853,6.65,4.313,0.1,49.58,0.0,0.001,0.9983,0.0584,0.0553,0.109,6.03,0.9982,0.5355,0.8058429635234086,0.18,0.58,0.08,-0.1,0.61,0.58,0.6,4.19,False,True
WQS0015,170586.0,2.763,0.9965,9.499,9.523,1.997,0.106,15.99,0.0,0.0,0.9996,0.0282,0.0056,0.004,4.57,0.3426,0.0345,0.5202709830641516,1.16,-0.75,-0.62,0.57,-0.23,0.17,-0.82,-0.62,False,True
WQS0016,211784.0,3.641,0.9906,11.211,11.535,2.386,0.102,24.03,0.0,0.0,0.9986,0.0522,0.0671,0.008,0.0,0.4372,0.0075,0.5318894942905987,1.79,-0.53,-0.06,0.05,-0.19,-1.12,-0.61,-0.88,False,True
WQS0017,144332.0,2.382,0.9955,7.239,7.363,3.247,0.1,24.3,0.0,0.0,0.9998,0.0223,0.0138,0.008,1.7,0.454,0.032,0.4896962685530557,0.32,-0.03,-0.75,0.67,-0.32,-0.64,-0.58,-0.64,False,True
WQS0018,159245.0,2.385,0.9966,8.197,7.79,3.106,0.101,16.44,0.0,0.0,0.9999,0.0166,0.0073,0.003,3.17,0.2145,0.042,0.5462222651704709,0.68,-0.11,-0.89,0.73,-0.15,-0.22,-1.09,-0.55,False,True
WQS0019,98829.0,2.051,0.8009,0.777,0.538,0.781,0.1,25.968,0.0,0.0,0.9882,0.1534,0.005,0.003,1.19,0.6699,0.0945,0.10816875241942082,-2.06,-1.45,2.29,-5.34,-1.43,-0.78,-0.11,-0.04,False,True
WQS0020,330908.0,9.492,0.9587,1.821,1.52,1.293,0.1,25.97,0.0,0.0,0.9972,0.0749,0.0228,0.003,3.42,0.9098,0.6085,0.45433358256879053,-1.67,-1.16,0.47,-0.67,-0.42,-0.15,0.41,4.89,False,True
WQS0021,301253.0,4.446,0.9833,7.482,8.22,3.163,0.11,14.68,0.0,0.0,0.9992,0.0391,0.0193,0.019,9.85,0.4897,0.1375,0.7970691281955461,0.41,-0.08,-0.36,0.36,0.58,1.66,-0.5,0.37,False,True
WQS0022,297075.0,4.199,0.9864,8.932,9.48,2.684,0.105,21.16,0.0,0.0,0.9995,0.0309,0.0201,0.011,2.32,0.4551,0.088,0.769066983053202,0.95,-0.36,-0.55,0.52,0.5,-0.47,-0.57,-0.11,False,True
WQS0023,741839.0,11.603,0.883,5.87,5.88,3.516,0.1,25.97,0.0,0.0,0.9946,0.1042,0.0539,0.256,5.3,1.3995,0.2815,0.8503271846393063,-0.18,0.12,1.15,-2.02,0.74,0.38,1.47,1.75,False,True
WQS0024,715952.0,10.606,0.9158,10.264,10.35,7.477,0.11,32.5,0.0,0.0,0.9999,0.0141,0.0228,0.022,6.63,0.6302,3.6785,0.6725209799186141,1.44,2.4,-0.94,0.73,0.22,0.75,-0.19,8.0,False,True
WQS0025,676435.0,11.148,0.9536,2.86,2.9,0.96,0.11,25.97,0.0,0.0,0.99,0.1415,0.0158,0.014,8.66,1.3109,0.7735,-0.14341619384892512,-1.29,-1.35,2.01,-4.41,-2.16,1.33,1.28,6.48,False,True
WQS0026,257226.0,3.641,0.9083,0.957,0.769,0.682,0.11,4.118,0.0,0.0,0.9992,0.0395,0.0072,0.0,16.74,0.4873,0.393,0.4172291441171786,-1.99,-1.51,-0.36,0.36,-0.53,3.61,-0.5,2.82,False,True
WQS0027,319886.0,4.572,0.9585,9.691,9.73,4.647,0.1,47.63,0.0,0.013,0.9991,0.0429,0.0425,0.091,3.11,0.5259,0.097,0.8568819765136807,1.23,0.77,-0.28,0.31,0.76,-0.24,-0.42,-0.02,False,True
WQS0028,63149.0,1.166,0.9861,8.421,8.59,3.974,0.1,15.64,0.0,0.0,0.9996,0.0282,0.0171,0.035,4.01,0.1811,0.063,0.4009040066824511,0.76,0.38,-0.62,0.57,-0.57,0.01,-1.17,-0.35,False,True
WQS0029,27472.0,0.66,0.9473,7.95,6.419,2.673,0.11,12.41,0.0,0.0,0.9979,0.0645,0.0108,0.204,2.68,0.2278,0.041,0.9181725172960266,0.58,-0.36,0.23,-0.31,0.94,-0.36,-1.07,-0.56,False,False
WQS0030,188231.0,1.954,0.9964,17.272,16.95,1.75,13.67,24.998,0.0,0.0,0.9999,0.0113,0.019,0.0,2.13,0.7181,0.223,0.31004670424547237,4.02,-0.89,-1.01,0.73,-0.84,-0.52,-0.0,1.19,False,False
WQS0031,824843.0,10.518,0.9908,10.551,10.39,1.704,0.11,28.31,0.0,0.0,0.994,0.1097,0.0235,0.075,7.52,1.0783,0.2155,0.6361348435953311,1.54,-0.92,1.27,-2.33,0.11,1.01,0.78,1.12,False,False
WQS0032,677198.0,10.187,0.9555,5.928,5.49,5.05,0.11,25.97,0.0,0.0,0.9993,0.0384,0.0196,0.014,5.14,1.403,2.0825,0.4001473253557564,-0.16,1.0,-0.38,0.42,-0.58,0.33,1.48,8.0,False,True
WQS0033,511390.0,10.196,0.7281,4.726,4.29,3.177,0.11,25.97,0.0,0.0,0.9994,0.0339,0.0285,0.007,6.12,1.3327,0.1725,0.8491997336756829,-0.6,-0.07,-0.49,0.47,0.73,0.61,1.33,0.71,False,True
WQS0034,225012.0,3.597,0.9568,3.479,2.28,3.389,0.11,18.65,0.0,0.0,0.9991,0.0415,0.0226,0.044,11.64,1.1055,0.1135,0.7182137654998608,-1.06,0.05,-0.31,0.31,0.35,2.17,0.83,0.14,False,True
WQS0035,439940.0,7.877,0.8729,7.629,7.33,3.421,0.11,25.97,0.0,0.0,0.9973,0.074,0.0222,0.014,4.09,0.7646,0.366,0.5389175112635296,0.47,0.07,0.45,-0.62,-0.17,0.04,0.1,2.56,False,True
WQS0036,165037.0,3.244,0.8449,1.553,1.24,1.955,0.11,25.97,0.0,0.0,0.9987,0.0501,0.0153,0.001,24.68,0.7219,0.2885,0.14840815536902907,-1.77,-0.78,-0.11,0.1,-1.31,5.86,0.0,1.82,False,True
WQS0037,274867.0,5.336,0.9669,6.948,7.67,2.987,0.11,12.93,0.0,0.0,0.9998,0.0218,0.0299,0.005,5.58,0.4067,0.0965,0.742672661120731,0.22,-0.18,-0.77,0.67,0.42,0.46,-0.68,-0.02,False,True
WQS0038,556363.0,8.657,0.8802,6.191,6.23,4.832,0.11,49.32,0.0,0.001,0.9968,0.0806,0.0497,0.129,10.56,0.8321,0.4005,0.8309293585681189,-0.06,0.88,0.6,-0.88,0.68,1.87,0.24,2.89,False,True
WQS0039,344388.0,6.352,0.861,7.207,8.24,4.661,0.11,19.7,0.0,0.0,0.9997,0.0226,0.035,0.015,5.79,0.7774,0.823,0.5584287303654789,0.31,0.78,-0.75,0.62,-0.11,0.52,0.12,6.95,False,True
WQS0040,453143.0,10.097,0.9504,6.044,6.33,3.779,0.11,49.7,0.0,0.003,0.9981,0.0621,0.0597,0.096,1.93,0.888,0.1825,0.5204613827238067,-0.12,0.27,0.17,-0.21,-0.23,-0.58,0.36,0.8,False,True
WQS0041,82712.0,1.166,0.7988,6.209,7.9,3.975,0.11,13.7,0.0,0.0,0.9996,0.0286,0.0267,0.006,2.23,0.3315,0.1055,0.0192136807752278,-0.06,0.38,-0.61,0.57,-1.69,-0.49,-0.84,0.06,False,True
WQS0042,166905.0,2.674,0.9858,8.61,9.36,2.955,0.11,25.97,0.0,0.0,0.9834,0.1821,0.1278,0.452,3.64,1.1472,0.0675,0.8370088271907788,0.83,-0.2,2.96,-7.83,0.7,-0.09,0.92,-0.3,False,True
WQS0043,439906.0,10.146,0.8073,10.878,12.09,6.144,0.11,41.19,0.0,0.0,0.9991,0.0415,0.0645,0.088,1.34,0.9084,0.3805,0.17379244657360998,1.66,1.63,-0.31,0.31,-1.24,-0.74,0.41,2.7,False,True
WQS0044,308938.0,9.625,0.811,4.609,4.53,2.477,0.11,28.84,0.0,0.0,0.9742,0.2273,0.1501,0.865,6.22,1.491,3.2645,0.44964691355511094,-0.65,-0.48,4.01,-8.0,-0.43,0.64,1.67,8.0,False,True
WQS0045,100297.0,3.584,0.7343,7.111,6.93,3.889,0.11,25.97,0.0,0.0,0.9987,0.0514,0.0391,0.081,2.93,0.559,0.0765,0.7440512748398052,0.28,0.34,-0.08,0.1,0.43,-0.29,-0.35,-0.22,True,True
WQS0046,676231.0,9.976,0.9671,5.814,5.93,3.548,0.11,19.93,0.0,0.0,0.9998,0.0194,0.0166,0.007,6.48,0.5135,0.7875,0.8273881497000366,-0.2,0.14,-0.82,0.67,0.67,0.71,-0.45,6.61,False,True
WQS0047,639575.0,9.946,0.9912,9.15,10.06,4.232,0.11,26.05,0.0,0.0,0.9997,0.023,0.026,0.015,2.89,0.7255,0.0795,0.8914412686926534,1.03,0.53,-0.74,0.62,0.86,-0.3,0.01,-0.19,False,True
WQS0048,605214.0,9.897,0.9764,11.466,11.74,7.379,0.11,30.66,0.0,0.0,0.9999,0.0119,0.0192,0.015,2.4,0.5011,0.1565,0.9136215349018483,1.88,2.34,-1.0,0.73,0.92,-0.44,-0.47,0.55,False,True
WQS0049,50337.0,1.248,0.6602,1.132,0.26,2.529,0.11,28.15,0.0,0.0,0.9982,0.0598,0.0191,0.04,20.18,0.5057,0.061,0.24778082092600687,-1.93,-0.45,0.12,-0.16,-1.02,4.59,-0.46,-0.36,False,True
WQS0050,596779.0,9.259,0.9692,6.617,6.32,5.705,0.11,35.28,0.0,0.0,0.9978,0.0664,0.0667,0.2,4.09,1.3987,0.2535,0.8781416492423498,0.09,1.38,0.27,-0.36,0.82,0.04,1.47,1.48,False,True
WQS0051,667324.0,9.781,0.9629,8.393,8.8,6.048,0.11,26.07,0.0,0.0,0.9986,0.0526,0.045,0.161,2.65,1.2891,0.052,0.9749489241152295,0.75,1.58,-0.05,0.05,1.1,-0.37,1.23,-0.45,False,True
WQS0052,57808.0,1.029,0.9868,2.708,2.64,1.13,0.12,5.67,0.0,0.0,0.9994,0.0355,0.0101,0.0,3.15,0.202,0.063,-0.11573049057117232,-1.35,-1.25,-0.45,0.47,-2.08,-0.23,-1.12,-0.35,False,True
WQS0053,714639.0,9.787,0.9809,8.264,7.03,6.246,0.11,31.07,0.0,0.0,0.9999,0.0126,0.0136,0.008,12.22,0.552,0.12,0.8988744938013954,0.7,1.69,-0.98,0.73,0.88,2.33,-0.36,0.2,False,True
WQS0054,640494.0,9.653,0.9397,13.274,13.43,6.005,0.11,36.98,0.0,0.0,0.9995,0.0326,0.0358,0.065,6.91,0.6324,0.07,0.8862310898713192,2.55,1.55,-0.52,0.52,0.84,0.83,-0.19,-0.28,False,True
WQS0055,251918.0,9.653,0.9834,15.585,16.91,8.011,0.11,49.98,0.0,0.168,0.9952,0.0985,0.1699,0.799,1.61,0.9425,0.033,0.8932961822466294,3.4,2.7,1.01,-1.71,0.86,-0.67,0.48,-0.63,False,True
WQS0056,224113.0,9.653,0.9134,15.356,15.65,6.615,0.11,49.83,0.0,0.02,0.9952,0.0975,0.1588,0.657,2.34,0.9995,0.09,0.4026605429661031,3.31,1.9,0.99,-1.71,-0.57,-0.46,0.61,-0.09,False,True
WQS0058,201980.0,4.096,0.8131,4.536,4.45,2.628,0.11,25.97,0.0,0.0,0.9976,0.0686,0.0353,0.052,7.85,0.7025,0.3165,0.85985982111798,-0.67,-0.39,0.32,-0.47,0.77,1.1,-0.04,2.09,False,True
WQS0059,127139.0,3.633,0.4699,1.082,0.75,0.88,0.11,4.38,0.0,0.0,0.9993,0.0384,0.0125,0.003,15.05,1.3911,0.098,0.38855640174928285,-1.95,-1.39,-0.38,0.42,-0.61,3.13,1.45,-0.01,False,True
WQS0060,49046.0,0.561,0.8514,1.125,1.1,0.705,0.11,4.7,0.0,0.0,0.9999,0.0166,0.005,0.0,12.93,0.2428,0.0955,0.5372307470817876,-1.93,-1.49,-0.89,0.73,-0.18,2.54,-1.03,-0.03,False,True
WQS0061,306145.0,7.642,0.8612,6.056,6.55,3.107,0.11,25.97,0.0,0.0,0.9863,0.1655,0.1387,0.598,0.92,1.4134,0.022,0.1739798273818652,-0.11,-0.11,2.57,-6.33,-1.24,-0.86,1.5,-0.74,False,True
WQS0062,90781.0,1.363,0.9342,8.656,10.47,4.624,0.14,24.72,0.0,0.0,0.9985,0.0552,0.0703,0.088,2.58,0.9374,0.0715,0.7976536660695556,0.85,0.76,0.01,0.0,0.58,-0.39,0.47,-0.26,False,True
WQS0063,472511.0,9.018,0.971,6.033,5.42,3.563,0.11,25.97,0.0,0.0,0.9978,0.0662,0.0918,0.108,3.47,1.0358,4.5065,0.5665590197642537,-0.12,0.15,0.26,-0.36,-0.09,-0.14,0.68,8.0,False,True
WQS0064,340901.0,8.479,0.8007,5.645,5.69,3.507,0.11,35.92,0.0,0.0,0.9944,0.1061,0.069,0.221,10.02,1.044,0.1455,0.04228926893177328,-0.26,0.12,1.19,-2.13,-1.62,1.71,0.7,0.45,False,True
WQS0065,300209.0,8.988,0.6704,4.651,4.86,3.351,0.11,45.72,0.0,0.0,0.9973,0.0737,0.0703,0.099,2.79,1.1112,0.0915,0.0974556435169465,-0.63,0.03,0.44,-0.62,-1.46,-0.33,0.85,-0.07,False,True
WQS0066,390905.0,8.495,0.8326,4.565,3.6,3.295,0.11,21.16,0.0,0.0,0.9956,0.0937,0.0571,0.202,3.11,1.4736,0.1,0.23332682866650464,-0.66,-0.01,0.9,-1.5,-1.06,-0.24,1.63,0.01,False,True
WQS0067,393626.0,8.762,0.941,6.246,5.65,4.11,0.11,15.61,0.0,0.0,0.9991,0.0416,0.0308,0.07,4.41,0.7948,0.371,0.5486786524838225,-0.04,0.46,-0.31,0.31,-0.14,0.13,0.16,2.61,False,True
WQS0068,290.0,1.616,0.0025,3.861,3.86,0.046,3.52,3.96,0.0,0.0,0.3754,1.066,0.0633,0.0,0.0,,,0.8053592652898921,-0.92,-1.87,8.0,-8.0,0.61,-1.12,,,False,True
WQS0069,283470.0,5.461,0.8383,5.906,6.02,2.923,0.11,25.97,0.0,0.0,0.9993,0.037,0.0206,0.022,5.75,0.6367,0.2995,0.706079995789498,-0.17,-0.22,-0.41,0.42,0.32,0.5,-0.18,1.93,False,True
WQS0070,337211.0,5.281,0.9997,6.772,6.89,2.721,0.16,14.67,0.0,0.0,0.9998,0.0217,0.0272,0.002,5.52,1.0931,0.1055,0.932812161430423,0.15,-0.34,-0.77,0.67,0.98,0.44,0.81,0.06,False,True
WQS0071,460894.0,6.366,0.9995,6.863,7.21,2.586,0.11,39.66,0.0,0.0,0.997,0.0779,0.0297,0.07,7.54,0.8894,0.278,0.8421944822221095,0.18,-0.41,0.54,-0.78,0.71,1.01,0.37,1.72,False,True
WQS0072,295860.0,5.223,0.8783,3.594,3.45,2.59,0.11,49.05,0.0,0.004,0.9904,0.1386,0.0791,0.22,4.92,1.3675,0.0915,0.8337646155828679,-1.02,-0.41,1.95,-4.2,0.69,0.27,1.4,-0.07,False,True
WQS0073,340004.0,7.126,0.7746,7.243,8.13,3.152,0.11,49.51,0.0,0.001,0.9828,0.1854,0.1348,0.249,1.88,1.4096,0.0565,0.8334706745794443,0.32,-0.09,3.03,-8.0,0.69,-0.59,1.49,-0.41,False,True
WQS0074,237972.0,5.483,0.8663,6.324,6.74,3.944,0.11,25.97,0.0,0.0,0.9965,0.0834,0.0593,0.051,1.25,0.4668,0.2615,0.7608659731376493,-0.01,0.37,0.66,-1.04,0.48,-0.77,-0.55,1.56,False,True
WQS0075,110956.0,4.247,0.6948,6.401,7.44,2.956,0.11,25.97,0.0,0.0,0.9845,0.1759,0.2007,0.616,2.0,1.4079,0.0415,-0.02876874769859978,0.01,-0.2,2.81,-7.26,-1.83,-0.56,1.49,-0.55,True,True
WQS0076,242889.0,4.657,0.9369,0.454,0.4,0.35,0.11,4.52,0.0,0.0,0.996,0.0891,0.0127,0.001,10.85,0.6774,0.071,-0.07344280881719527,-2.18,-1.7,0.8,-1.3,-1.96,1.95,-0.09,-0.27,False,True
WQS0077,3765.0,0.139,0.9995,4.913,4.45,3.205,0.85,15.59,0.0,0.0,0.9986,0.0523,0.1276,0.027,0.0,,,0.13672128183503798,-0.53,-0.06,-0.06,0.05,-1.35,-1.12,,,False,True
WQS0078,4398.0,0.506,0.3534,12.958,16.21,5.973,0.14,18.3,0.0,0.0,0.9983,0.0587,0.077,0.068,0.0,0.0637,0.004,0.6363049284074366,2.43,1.53,0.09,-0.1,0.11,-1.12,-1.42,-0.91,False,True
WQS0079,0.0,6.242,0.0,,,,,,,,,,,,,,,,,,,,,,,,False,True
WQS0080,374043.0,4.654,0.8313,9.373,3.97,11.485,0.11,50.0,0.0,0.383,1.0,0.0084,0.02,0.024,7.2,0.6305,0.0945,-0.08691931577231538,1.11,4.7,-1.08,0.78,-2.0,0.91,-0.19,-0.04,False,True
WQS0081,398360.0,8.172,0.8759,7.231,6.95,5.509,0.11,30.16,0.0,0.0,0.9997,0.0242,0.0327,0.025,4.53,0.3149,1.2555,0.926895590297036,0.32,1.27,-0.71,0.62,0.96,0.16,-0.88,8.0,False,True
WQS0082,5422.0,5.583,0.0143,6.78,7.945,4.152,0.11,11.68,0.0,0.0,0.9998,0.0222,0.0463,0.0,0.46,0.0819,0.0035,0.9145780174393119,0.15,0.49,-0.76,0.67,0.93,-0.99,-1.38,-0.92,False,True
WQS0083,476801.0,7.885,0.9308,4.056,3.69,2.846,0.11,16.91,0.0,0.0,0.9997,0.023,0.0237,0.005,3.97,1.1403,0.0815,0.815635315832774,-0.85,-0.26,-0.74,0.62,0.64,0.0,0.91,-0.17,False,True
WQS0084,417625.0,7.836,0.872,6.213,5.69,3.588,0.11,25.97,0.0,0.0,0.9965,0.0839,0.0476,0.161,5.53,1.4289,0.2255,0.7250836946967388,-0.06,0.16,0.68,-1.04,0.37,0.44,1.53,1.21,False,True
WQS0085,96.0,0.022,0.9897,3.386,3.38,0.018,3.36,3.43,0.0,0.0,0.7791,0.6544,0.0156,0.0,0.0,,,-1.0,-1.1,-1.89,8.0,-8.0,-4.67,-1.12,,,False,True
WQS0086,0.0,0.635,0.0,,,,,,,,,,,,,,,,,,,,,,,,False,True
WQS0087,0.0,3.083,0.0,,,,,,,,,,,,,,,,,,,,,,,,False,True
WQS0088,229517.0,12.411,0.6742,7.833,7.74,4.622,0.11,25.97,0.0,0.0,0.9955,0.0952,0.0741,0.281,3.31,1.2412,0.0565,0.7865255951859534,0.54,0.76,0.94,-1.56,0.55,-0.19,1.13,-0.41,True,True
WQS0089,0.0,0.981,0.0,,,,,,,,,,,,,,,,,,,,,,,,False,True
WQS0090,184105.0,3.454,0.9637,2.88,2.69,1.335,0.12,25.97,0.0,0.0,0.9913,0.1316,0.0145,0.016,14.29,0.595,0.643,-0.0961873185466189,-1.28,-1.13,1.78,-3.74,-2.03,2.92,-0.27,5.22,True,True
WQS0091,276035.0,4.022,0.998,4.746,5.08,1.341,0.11,38.65,0.0,0.0,0.9906,0.137,0.0085,0.008,17.48,0.9288,0.1515,-0.21511848057767322,-0.6,-1.13,1.91,-4.1,-2.37,3.82,0.45,0.5,True,True
WQS0092,0.0,3.334,0.0,,,,,,,,,,,,,,,,,,,,,,,,False,True
WQS0093,0.0,2.475,0.0,,,,,,,,,,,,,,,,,,,,,,,,False,True
WQS0094,1.0,5.006,0.0,,,,,,,,,,,,,,,,,,,,,,,,False,True
WQS0095,0.0,2.505,0.0,,,,,,,,,,,,,,,,,,,,,,,,False,True
WQS0096,0.0,1.317,0.0,,,,,,,,,,,,,,,,,,,,,,,,False,True
WQS0097,0.0,2.508,0.0,,,,,,,,,,,,,,,,,,,,,,,,False,True
WQS0098,0.0,2.508,0.0,,,,,,,,,,,,,,,,,,,,,,,,False,True
WQS0099,0.0,2.505,0.0,,,,,,,,,,,,,,,,,,,,,,,,False,True
WQS0100,0.0,2.546,0.0,,,,,,,,,,,,,,,,,,,,,,,,False,True
WQS0101,262511.0,3.771,0.9997,9.591,11.81,5.94,0.11,25.97,0.0,0.0,0.9952,0.0976,0.1005,0.338,4.3,0.9006,0.2355,0.8691252996420769,1.19,1.51,0.99,-1.71,0.79,0.09,0.39,1.31,False,True
WQS0102,246363.0,9.889,0.9984,6.521,5.33,3.177,0.11,25.97,0.0,0.0,0.9981,0.062,0.0228,0.025,6.58,1.1284,0.484,0.7861885737024349,0.06,-0.07,0.17,-0.21,0.55,0.74,0.88,3.7,False,True
WQS0103,137063.0,3.543,0.8265,5.387,4.26,3.29,0.11,25.97,0.0,0.0,0.9864,0.1648,0.1638,0.288,1.12,0.8559,0.0765,0.7189771570376261,-0.36,-0.01,2.55,-6.28,0.35,-0.8,0.29,-0.22,False,True
WQS0104,149322.0,5.708,0.5717,14.74,15.935,8.148,0.11,31.7,0.0,0.0,0.9998,0.0212,0.0286,0.043,2.21,0.2751,1.119,0.6738599838365767,3.09,2.78,-0.78,0.67,0.22,-0.5,-0.96,8.0,False,True
WQS0105,0.0,4.101,0.0,,,,,,,,,,,,,,,,,,,,,,,,False,True
WQS0106,0.0,10.612,0.0,,,,,,,,,,,,,,,,,,,,,,,,False,True
WQS0107,77313.0,1.366,0.9423,2.211,0.76,2.914,0.11,25.04,0.0,0.0,0.9989,0.0467,0.02,0.005,14.8,0.8363,0.069,0.38003239823959817,-1.53,-0.23,-0.19,0.21,-0.64,3.06,0.25,-0.29,False,True
WQS0108,42127.0,1.366,0.9119,3.276,1.23,4.844,0.11,24.09,0.0,0.0,0.9962,0.0873,0.1253,0.154,2.57,0.6756,0.068,0.17398879926619715,-1.14,0.88,0.75,-1.19,-1.24,-0.39,-0.1,-0.3,False,True
WQS0109,210016.0,3.406,0.9516,2.015,1.93,1.197,0.11,9.97,0.0,0.0,0.9988,0.048,0.0237,0.001,8.59,0.8557,0.074,0.7459167387730471,-1.6,-1.21,-0.16,0.16,0.43,1.31,0.29,-0.24,False,True
WQS0110,35619.0,0.469,0.7807,4.319,4.56,1.208,0.11,6.55,0.0,0.0,0.9982,0.0595,0.0228,0.003,0.0,0.553,0.0095,-0.050620627659801236,-0.75,-1.21,0.11,-0.16,-1.89,-1.12,-0.36,-0.86,False,True
WQS0111,320989.0,4.881,0.9822,6.295,6.0,2.557,0.11,25.97,0.0,0.0,0.9963,0.0862,0.03,0.03,3.32,1.2515,2.034,0.21190527287460387,-0.02,-0.43,0.73,-1.14,-1.13,-0.18,1.15,8.0,False,True
WQS0112,106998.0,2.773,0.6615,4.296,3.62,3.759,0.11,22.58,0.0,0.0,0.9992,0.0409,0.0273,0.007,6.01,1.1556,0.1075,0.742782984001252,-0.76,0.26,-0.32,0.36,0.42,0.58,0.94,0.08,False,True
WQS0113,451953.0,12.402,0.9662,7.229,6.7,4.731,0.15,48.84,0.0,0.457,0.9998,0.0192,0.0081,0.002,17.15,1.2661,0.2755,0.21456882923423612,0.32,0.82,-0.83,0.67,-1.12,3.73,1.18,1.69,True,True
WQS0114,413397.0,4.692,0.9978,17.662,17.09,5.182,0.56,49.99,0.0,0.22,0.9988,0.048,0.0492,0.094,1.06,0.8987,1.027,0.3748761024360426,4.16,1.08,-0.16,0.16,-0.65,-0.82,0.39,8.0,False,True
WQS0115,393326.0,3.94,0.995,4.083,2.7,3.45,0.11,25.97,0.0,0.0,0.9991,0.0413,0.0147,0.043,19.03,0.6875,0.106,0.8373219903761746,-0.84,0.08,-0.31,0.31,0.7,4.26,-0.07,0.07,False,True
WQS0116,0.0,2.338,0.0,,,,,,,,,,,,,,,,,,,,,,,,False,True
WQS0117,0.0,2.337,0.0,,,,,,,,,,,,,,,,,,,,,,,,False,True
WQS0118,103962.0,2.174,0.9993,8.589,7.94,3.175,0.11,25.97,0.0,0.0,0.9995,0.033,0.0341,0.016,2.22,0.2609,0.0415,0.7989285693191746,0.82,-0.08,-0.51,0.52,0.59,-0.49,-0.99,-0.55,False,True
WQS0119,85967.0,0.911,0.9574,7.562,7.69,3.409,0.11,18.32,0.0,0.0,0.9999,0.016,0.0206,0.001,6.54,0.3528,0.155,0.6999404394209032,0.44,0.06,-0.9,0.73,0.3,0.73,-0.79,0.54,False,True
WQS0120,52090.0,0.495,1.0,6.474,5.87,1.611,2.35,11.82,0.0,0.0,1.0,0.0078,0.0062,0.0,5.74,0.0432,0.034,0.49776414545554465,0.04,-0.97,-1.09,0.78,-0.29,0.5,-1.47,-0.62,False,True
WQS0121,52729.0,0.512,1.0,5.392,4.73,1.735,2.2,11.0,0.0,0.0,0.9999,0.0104,0.0125,0.0,0.0,0.1839,0.0095,0.3606169211129046,-0.36,-0.9,-1.03,0.73,-0.69,-1.12,-1.16,-0.86,False,True
WQS0122,10103.0,0.444,1.0,8.032,7.78,1.607,3.31,28.08,0.0,0.0,0.9945,0.1051,0.0155,0.01,2.38,0.1972,0.0605,0.5515938724229029,0.62,-0.98,1.17,-2.08,-0.13,-0.45,-1.13,-0.37,False,True
WQS0123,38588.0,0.961,0.9859,8.336,7.95,2.088,0.11,13.25,0.0,0.0,0.9997,0.024,0.0109,0.005,7.89,0.116,0.031,-0.22329269090126294,0.73,-0.7,-0.72,0.62,-2.4,1.11,-1.31,-0.65,False,True
WQS0124,23131.0,0.821,0.55,13.128,14.57,5.984,0.11,20.7,0.0,0.0,0.9997,0.025,0.0363,0.022,3.44,0.1138,0.0725,0.7616114060912352,2.49,1.54,-0.69,0.62,0.48,-0.15,-1.31,-0.25,False,True
WQS0126,26818.0,0.843,0.7059,6.615,5.99,3.726,0.11,21.79,0.0,0.0,0.9998,0.0181,0.0232,0.004,1.27,0.104,0.0235,0.7994236495253152,0.09,0.24,-0.85,0.67,0.59,-0.76,-1.33,-0.72,False,True
WQS9901,17715.0,8.342,0.9865,1.461,0.68,1.582,0.11,5.25,0.0,0.0,0.9996,0.0292,0.007,0.006,14.33,0.419,0.0235,-0.42852824482527463,-1.81,-0.99,-0.59,0.57,-3.0,2.93,-0.65,-0.72,True,True
WQS9902,17315.0,8.991,0.4633,6.123,6.62,4.945,0.11,25.97,0.0,0.0,0.992,0.1264,0.0937,0.427,6.34,0.5897,0.0585,0.6372046435988585,-0.09,0.94,1.66,-3.37,0.12,0.67,-0.28,-0.39,True,True
WQS9903,3280.0,6.28,0.469,1.788,0.16,1.947,0.11,11.75,0.0,0.0,0.993,0.1182,0.0273,0.122,11.49,,,-0.6829305783335681,-1.69,-0.78,1.47,-2.85,-3.74,2.13,,,True,True
WQS9904,51.0,5.27,0.34,0.523,0.43,0.704,0.33,5.5,0.0,0.0,-0.036,1.453,0.3149,4.0,0.0,,,-0.4162888916950083,-2.15,-1.5,8.0,-8.0,-2.96,-1.12,,,True,True
WQS9931,112.0,0.006,1.0,0.391,0.3,1.132,0.22,12.31,0.0,0.0,0.0788,1.0028,0.116,0.901,25.0,,,-0.5432444934605797,-2.2,-1.25,8.0,-8.0,-3.33,5.95,,,False,False
WQS9953,4.0,0.209,1.0,,,,,,,,,,,,,,,0.9999999999999999,,,,,1.18,,,,False,False
WQS9995,0.0,4.55,0.0,,,,,,,,,,,,,,,,,,,,,,,,False,False
WQS9996,673.0,0.032,0.9985,5.794,5.89,1.371,2.61,13.53,0.0,0.0,0.3571,1.1345,1.1785,5.952,0.0,,,-0.2820303062869347,-0.21,-1.11,8.0,-8.0,-2.57,-1.12,,,False,False
WQS9997,1.0,0.0,1.0,,,,,,,,,,,,,,,,,,,,,,,,False,False
WQS9998,2.0,2.043,0.6667,,,,,,,,,,,,,,,-1.0,,,,,-4.67,,,,False,False
WQS9999,778.0,5.281,0.0896,8.198,7.99,0.877,1.1,10.12,0.0,0.0,0.8714,0.4976,0.0818,0.644,0.0,,,0.10446106503780826,0.68,-1.4,8.0,-8.0,-1.44,-1.12,,,False,True
WQT0001,11883.0,1.626,0.1198,1.066,0.669,1.868,0.1,16.393,0.0,0.0,0.985,0.1731,0.121,0.185,0.0,1.3069,0.001,-0.2838030299581922,-1.95,-0.83,2.75,-7.0,-2.57,-1.12,1.27,-0.94,False,False
WW00001,64342.0,0.75,0.8539,4.584,4.53,1.407,0.16,23.83,0.0,0.0,0.9967,0.0816,0.0188,0.008,0.55,0.7769,0.0205,-0.13046695384634088,-0.66,-1.09,0.62,-0.93,-2.13,-0.97,0.12,-0.75,False,False
WW00002,49466.0,0.606,0.9388,3.459,3.47,1.485,1.06,6.55,0.0,0.0,0.9999,0.0135,0.017,0.0,0.67,0.3572,0.028,-0.5027719852400611,-1.07,-1.05,-0.96,0.73,-3.21,-0.93,-0.79,-0.68,False,False
