publishes_under,comid,GenID,dist_m
SNR-09QQ,22248905,22248899,2282.316846910326
SNR-09VZ,11916299,11916299,469.15152878935464
SNR-097M,7002320,7004038,1034.6094123399728
SNR-09R4,14796931,14796653,3300.210281374005
SNR-0CLW,13336282,13335726,1292.2612563136142
SNR-0AXK,22475257,22476667,3110.990482106454
SNR-0AXN,22475257,22476667,2963.5070463935326
SNR-0A6X,22248727,22248729,1465.3561792638225
SNR-0A5M,22248727,22248729,857.2620990606752
SNR-0AKE,17539323,17539323,97.3061538458917
SNR-09OS,11915787,11915741,37.2253969005562
SNR-0A3E,6597652,6597616,171.18196608775386
SNR-09VB,6597718,6597778,84.114254273458
SNR-09R6,14796931,14796653,3124.527955759148
SNR-0A80,6597762,6597572,89.97274681778076
SNR-09WD,11916299,11916299,19.262810594211608
SNR-09UW,11915507,11915417,35.072694944586495
SNR-09Y5,11915379,11915381,41.83040275283866
SNR-09X1,11915457,11916703,537.8843773236122
SNR-09F8,11918423,11918347,42.897323987897906
SNR-09C7,11919685,11919685,87.47272953965891
SNR-09B3,17557695,17557695,109.29006345986673
SNR-0CCC,7016505,7016093,2341.1662846952945
SNR-0BVB,13311203,13311239,4.9972840787214325
SNR-0863,7006146,7006082,33.658697155444386
SNR-09Z6,11915285,11916703,1552.5792341209192
SNR-0CC2,7016067,7016117,3533.6968667626566
SNR-0C2N,7016345,7016151,30.533585737371016
SNR-0C8A,7016239,7016151,11.522938500679539
SNR-0BV6,13313181,13311239,33.220199984725916
SNR-0BV0,13311309,13311117,8.941942073913822
SNR-0C88,13308839,13308799,826.9680269181921
SNR-0BQY,13311697,13311425,6.296595803837442
SNR-087R,5000629,5001197,8.203411940186557
SNR-09D1,14806031,14806031,434.3713638203233
SNR-09YH,11915305,11915251,178.88832887056432
SNR-09ZT,11916213,11915251,118.14817291584451
SNR-0A15,14796117,14796105,38.891522216281665
SNR-0AYD,6572160,6572142,3.872219758920115
SNR-0B63,13358770,13358770,10.794291048582974
SNR-0B71,13358696,13358836,1475.9034427727042
SNR-0AXC,22475313,22472773,14.000123593554978
SNR-0ALE,6595222,6595188,52.80408341818528
SNR-0AL7,6595222,6595188,128.32562260839336
SNR-0B6M,13376243,13372765,36.836702983829625
SNR-0BSV,13311475,13311489,138.14178285265467
SNR-09VR,6621656,6620502,18.43229479799363
SNR-084A,4998271,4998275,94.56227767119434
SNR-08KP,7004728,7004728,4.704730103235683
SNR-0B1S,22474813,22474893,1.6047816543153988
SNR-07Y2,5138325,5138319,13.486084244314382
SNR-09HS,19164465,19164157,18.112365297530406
SNR-0AJ4,6978978,6978978,27.523885363982203
SNR-0BJY,6603048,6603264,18.773870214497745
SNR-09RV,17208706,17208322,3.7194961835642504
SNR-0ADL,14626246,14626276,23.128719056308224
SNR-0AQC,17227027,17227021,3.3384803467863233
SNR-0BBQ,17240094,17240000,25.4490115387928
SNR-081V,19167379,19167379,25.027941788336484
SNR-0AUC,6599836,6595152,53.28783263213494
SNR-09JC,22249135,22249109,7.823226263711319
SNR-09O6,22248959,22248899,4.195590434086222
SNR-0AYI,6572754,6572146,1.578010931161581
SNR-0878,5000697,5000729,34.50004047960784
SNR-092B,7002456,7002382,4.505104304582914
SNR-0AZK,6572136,6571990,20.835410262604945
SNR-0AHX,17554945,17554841,1993.408451749129
SNR-0ACO,6980594,6980580,11.942458262131527
SNR-0ADF,6980580,6980580,631.4670788209472
SNR-0B1N,6572042,6572044,325.1847636512291
SNR-0B1K,6572062,6572044,9.264099206320077
SNR-09VG,6993777,6993639,1012.9703571063854
SNR-09V8,6993785,6993639,539.4877638628359
SNR-0B90,6603228,6603208,18.84716077817696
SNR-0A58,17246982,17246982,4.747354914075676
SNR-0BME,14622550,14622550,5.4094385920804395
SNR-0C6J,13211090,13211024,19.31759369753057
SNR-0CK5,13336508,13336690,37.1216903155345
SNR-0A3U,14625774,14626252,37.38681051924579
SNR-0A4V,17235870,17235866,4.202599901702764
SNR-0CCU,7242913,7242845,19.272411695054885
SNR-08CZ,4999977,5000045,18.39829129593483
SNR-0ARR,6950888,6950854,71.03977112189234
SNR-0AV3,22475537,22475537,13.779791096683864
SNR-0AQ7,22476263,22476425,37.404657853346436
SNR-09IP,11916051,11917551,38.92800610945579
SNR-0BFN,6606266,6606220,3.1864725179952864
SNR-0BJ8,6605922,6605922,1.4609222733238987
SNR-09SC,19207897,19207459,4.5230358084937965
SNR-09VL,11915455,11915417,260.9773913253448
SNR-09P5,11916259,11915553,890.5712916082169
SNR-0AZF,6607090,6606896,13.123584558914699
SNR-09DX,22254681,22249633,89.49030473337277
SNR-0B45,6603910,6603910,38.421144673573004
SNR-0AFQ,6610484,6608294,7.988548905353703
SNR-0BIU,6561217,6561101,38.658702469137474
SNR-0BFI,7017505,7017481,2.982237864366798
SNR-0BIR,6561217,6561101,35.574204729288894
SNR-08W0,11919825,11919807,97.69152527928019
SNR-0BE7,2165301,2165307,49.664052745089656
SNR-0CGM,13210312,13210354,26.590712727143337
SNR-0CKR,13337282,13335332,29.85608596301726
SNR-09VX,22248781,22248769,13.667362498103822
SNR-0AM3,22476413,22476385,1310.5467615348582
SNR-0AL5,22476437,22476385,7.3877695679740985
SNR-0AMQ,22476399,22476425,39.382798065932235
SNR-0AVJ,6609088,6609044,8.734707455927225
SNR-0BE8,6603170,6603132,85.89368333349118
SNR-0BTF,6603368,6603358,40.7460464343094
SNR-09T5,11915593,11915417,2452.08603996542
SNR-0AQF,13375519,13375627,73.5119949956878
SNR-0C0E,13211298,13211286,0.8627510130669046
SNR-0AMP,22476413,22476385,674.5620663344366
SNR-0CF5,13337100,13337140,310.97922805131105
SNR-0BZ3,13211348,13211350,4.107646130727599
SNR-08LB,4995471,4995471,113.4761978790782
SNR-0ALM,13375649,13375649,47.223213061033135
SNR-0ALL,14794879,14794873,2.7061809034933577
SNR-096S,19166273,19166189,46.96975237566596
SNR-08KL,19166807,19166629,55.42242882988773
SNR-0CLZ,13337650,13337662,52.93622646039926
SNR-0CJP,13336562,13336524,52.86369708929646
SNR-0BWV,940230078,940230073,53.33917461242057
SNR-0BP3,6949292,6949364,31.667313966338742
SNR-0AFA,22477405,22477431,106.89954645627068
SNR-0ALF,6595222,6595188,75.59727148969152
SNR-09B7,17557695,17557695,129.26403613210286
SNR-09F5,11918423,11918347,53.8607858713148
SNR-0BSW,13311475,13311489,177.04464662799134
SNR-09TA,11916315,11916401,149.14526113624547
SNR-0EE0,4973323,4973323,15.409990207389653
SNR-0DX9,2349256,2353756,1.3197639228058207
SNR-0DPM,2355278,2355696,5.907316651208672
SNR-0DVR,1104206,1104206,124.21674105976858
SNR-0DNP,937020644,937020644,35.19326502426447
SNR-0DAM,4142312,4142280,30.92867456110878
SNR-0DBJ,4047160,4047128,7.27355242261179
SNR-0DA9,4047140,4047140,4.792387236914922
SNR-0CRO,2748822,2747868,7.002385804345889
SNR-0CRD,2749200,2749044,5.990398218320626
SNR-0D34,2423627,2423701,0.37409579366359563
SNR-0D08,10597374,10597374,4.241673939329619
SNR-0D2I,10595950,10595950,2.7725680972238704
SNR-0D5O,10595878,10595902,21.651596623706187
SNR-0DKB,2386438,2386438,20.579492681360257
SNR-0DK0,2028753,2028777,3.252486697446143
SNR-0DAF,2032979,2033617,22.33442934544068
SNR-0D43,2118562,2118546,20.47662868116912
SNR-0D7G,2119516,2119652,21.91344256059085
SNR-0D3E,2119804,2119824,17.808147571881957
SNR-0DCA,2442556,2442210,3.996018927415028
SNR-0D7W,2441130,2441130,22.44551145265805
SNR-0CWG,2463105,2463133,2.0455176284409586
SNR-0CTS,2462135,2462227,1115.6528949757585
SNR-0CPM,2465255,2465295,343.58825066485485
SNR-0CRJ,2465119,2465137,5.257375005004074
SNR-0CT1,7014389,7014315,15.949756821183191
SNR-0CRM,7014505,7014461,2.4867344052795746
SNR-0CT4,7015259,7015225,11.692813903261655
SNR-0D0N,6581018,6580984,18.74554498059502
SNR-0CWB,7222694,7222694,10.147596576692463
SNR-0CS7,7240575,7240489,21.575263896108027
SNR-09U3,5878685,5879555,3066.241563660894
SNR-0AFN,7699970,7700900,60.946233540457726
SNR-09JK,7701224,7701190,143.35546022076934
SNR-094C,7703054,7703054,228.09171841708203
SNR-08TA,9495338,9495338,104.5436432695361
SNR-08F6,9496582,9496604,35.19240949232352
SNR-07W2,9500598,9500598,995.1805880914792
SNR-08DY,6251122,6251122,8.808397855931927
SNR-06XP,9453743,9453743,23.73458584005017
SNR-07RQ,2588507,2588501,10.124770181311233
SNR-07B8,2590277,2590259,167.46222170401938
SNR-06V0,4495952,4495952,277.53503743543183
SNR-07R4,4779075,4780535,8.933275133524706
SNR-06WJ,4784831,4782633,91.48653423540127
SNR-06OC,166754167,4496300,631.5916506513695
SNR-04ZZ,8391580,8391532,9.871125797336207
SNR-05FR,9407484,9406176,37.22676360591361
SNR-05SV,4765418,4765418,44.87869349010276
SNR-09XZ,4198044,4198074,19.511815082322578
SNR-08IN,8140394,8139564,2.4865580845277218
SNR-07GX,4709174,4709038,2.327559490387335
SNR-078Q,4709876,4709566,36.548200800092005
SNR-07BH,4709486,4710068,1106.9664948347452
SNR-06QE,4727413,4727497,1798.8141635393356
SNR-0745,4722109,4722109,11.772410703002247
SNR-0720,4721533,4726675,29.681784808453457
SNR-072P,4721493,4721493,7.5345846743138285
SNR-070N,4722265,4722225,92.51656285310567
SNR-06ZP,4721831,932050216,0.08928818729862134
SNR-06UT,4726071,4724709,36.93632000694406
SNR-07E8,4720655,4720663,10.278275855037569
SNR-06KI,4726191,4725431,14.376855088896763
SNR-06AE,4731587,4725951,318.3596250636844
SNR-05U7,11690182,11690182,256.0098458008174
SNR-05CS,11907762,11907762,4.19972948520942
SNR-04V4,8441089,8441089,38.211391834994124
SNR-0506,8441303,8441303,11.341809609570548
SNR-052E,8441291,8441291,2.085033752399022
SNR-05F1,8441253,8440791,28.44689835881689
SNR-065O,8448888,8448816,3170.9606435824203
SNR-059T,4509040,4509116,18.945917343568276
SNR-05BL,4508928,4508910,14.547317061445566
SNR-05BB,4508968,4509298,505.80170856230643
SNR-05EW,4509202,4509202,30.166657515351186
SNR-05D1,4512772,25035051,234.1128373219715
SNR-05DV,22338431,22338423,0.054115619792457756
SNR-055G,22340331,22338791,0.15656092497808388
SNR-04LM,8476948,8476950,122.06246595599264
SNR-04E8,8502578,8502578,6.304903730855063
SNR-04EQ,8501490,8501408,7.571745976680383
SNR-041D,8506380,8505990,0.32965194959977884
SNR-0412,8506428,8506428,5.835797896230316
SNR-0458,8494082,8493274,60.89423362186844
SNR-03YB,8575903,8575891,98.76606428084102
SNR-03KW,8608039,8608221,7.787146305197035
SNR-03NA,10067525,10067525,469.64938813960964
SNR-04H8,10163886,10163744,2141.7077280467633
SNR-04TO,935090016,466412,233.99489855995247
SNR-06UW,5217587,5217571,207.37352578290412
SNR-05AX,2087849,2087879,37.82750224961216
SNR-06MF,3922369,3922369,104.53702373992888
SNR-0618,3925159,3924545,11.771788255840933
SNR-060T,935080001,935080002,19.539760724058514
SNR-04PX,1825520,1825522,70.42321509997697
SNR-048O,10265390,10265670,1.1344529063891142
SNR-0494,10359766,10265338,29.57462128628762
SNR-0449,11617281,11619101,47.04162678593048
SNR-0792,10082018,10081834,2.2830174959255256
SNR-07DX,10080314,10080280,35.32473523465225
SNR-075B,10080962,10080962,44.21924438266851
SNR-06H0,10209503,10210041,61.44165966355593
SNR-06GE,10209503,10209503,6.230273165768662
SNR-0628,10337790,10337798,28.06596519452797
SNR-0518,10339414,10339392,68.60917354227135
SNR-06V1,18476775,18476775,20.832030155194843
SNR-06R2,18476381,18476369,2698.5933652394942
SNR-06PY,18476381,18476369,2786.912136135349
SNR-04S0,18471310,18471310,49.1096157487002
SNR-04DX,10382125,10382121,131.59080999245606
SNR-04CI,10437178,10437294,9.911883631132268
SNR-04BB,10437194,10437280,85.04823608858811
SNR-02DT,18394236,18394408,3.909016201821433
SNR-02KR,18391826,18391852,4.073916255059752
SNR-02LZ,18391756,18391756,25.93531607144984
SNR-022L,19730510,19729598,0.8527260652120036
SNR-03JJ,1841415,1841415,319.74113722127413
SNR-0E5H,904030532,6821076,28.116121970714058
SNR-0DJ4,6801806,6801822,2.2786334056828923
SNR-0DIW,9033255,9033255,26.66910845595559
SNR-0DCQ,9034417,9036459,3.511076870549551
SNR-0BCM,13183066,13183066,43.03341811444195
SNR-0B18,10850144,10850144,25.635071767103025
SNR-0AXW,10850162,10849762,10.899185145612739
SNR-08PS,15668481,15668481,8.801959542385779
SNR-08X7,15669979,15669979,34.68487059892718
SNR-09XW,9842204,9842238,18.648070393193237
SNR-0BKQ,13312489,13312489,32.90443100799075
SNR-0B6J,13376219,13376169,22.018156517770198
SNR-0AQO,13374239,13374079,25.549726642610903
SNR-0AQM,13375515,13375627,4.7910751904732845
SNR-0A8U,14804295,14804295,145.69147727640126
SNR-0A24,14809371,14809371,168.83762361665597
SNR-09KB,10608846,10608816,6.261134310330612
SNR-09GE,10969489,10969489,0.36045480828464793
SNR-0CRN,7014505,7014455,6.524117642708719
SNR-0AKK,22473833,22473833,41.885857117452844
SNR-0AFV,22477673,22477431,25.60749744494279
SNR-0AEB,22477695,22477691,85.48170523363919
SNR-07KO,6966863,6966857,249.20641530105934
SNR-0B37,6595864,6595814,14.816769256133203
SNR-0B7R,6603732,6603310,41.520829624868036
SNR-09P8,6597748,6597748,90.42549616272174
SNR-0B09,6608106,6606938,28.02671816445306
SNR-0AFP,6610484,6608294,13.72105020280943
SNR-09NC,6621036,6621076,68.22690264664858
SNR-09J2,6610166,6610166,10.781844649928315
SNR-09A0,13433691,13433513,7.3495670714707195
SNR-08YS,13434643,13435207,16.506148783520565
SNR-08WE,13438397,13438397,25.305820871228867
SNR-08CJ,13454468,13454460,43.02301774687978
SNR-09PY,13463913,13463913,21.49951387264319
SNR-09J7,14787569,14787569,68.17357535890918
SNR-093D,14780226,14780226,106.10418818813038
SNR-0BD9,14769576,14769420,30.724785408671636
SNR-095F,14835407,14835429,307.2460144138575
SNR-083T,13619421,13619187,60.005978772400766
SNR-0964,14836239,14836239,21.076851866235938
SNR-0842,14839325,14838975,40.53649163571247
SNR-07WY,13597567,13597567,36.96304493721722
SNR-07H9,13606726,13606720,1.242698475739635
SNR-0669,13565216,13566276,32.18884743247573
SNR-06GQ,13564608,13564624,2.358801163292905
SNR-06CR,13564800,13564800,28.48116379876539
SNR-07OT,13551289,13551295,36.96421457773183
SNR-07P4,13551311,13551309,1268.590184349038
SNR-07OJ,13551311,13551309,240.42420586274173
SNR-07O9,13551313,13551309,48.65202850219668
SNR-06AW,3607116,3598298,20.625500628191144
SNR-058U,880618,880606,312.10715277847584
SNR-04M2,13893022,13893022,12.143597725670952
SNR-0415,13786642,13785904,30.29358442030087
SNR-0BKD,11759320,11759788,44.26383942279031
SNR-0DDT,12699860,12699860,5.576897313799104
SNR-0BXH,12669690,12669250,30.499625508177523
SNR-0D8B,9376712,9376452,33.401981831295316
SNR-0CWO,7222688,7224130,7.658510115509805
SNR-0CLN,14621108,14619744,6.035099495140727
SNR-0CCL,14620352,14620352,7.3335289889110795
SNR-0951,17415610,17415568,174.134053834922
SNR-092Z,24750511,17264619,55.20083861611265
SNR-08OK,17415860,17415854,111.90571322513287
SNR-08L2,17416032,17415256,148.03805771056668
SNR-08CN,19210329,19210329,95.08225214134131
SNR-085I,19129083,19129093,47.09412869529861
SNR-06J3,2252949,2252949,140.94467134055955
SNR-07N2,3723377,3722947,40.29687234173299
SNR-05S1,2279137,2279311,21.65322719285844
SNR-05Q3,3644452,3644490,134.77567671887425
SNR-0695,3640992,3640972,24.343167351330614
SNR-05FC,3730389,3737609,142.24559623617733
SNR-05HD,3727673,3727673,36.65205423724327
SNR-05ND,4391379,4391387,172.74190851006026
SNR-07O3,5965096,5964496,11.259536730895778
SNR-070H,5966418,5966138,1.2923028488652175
SNR-06RZ,5967984,5967674,2.569678546372029
SNR-06BL,5969716,5969716,12.494919687663456
SNR-050O,6013072,6013246,13.623805044748263
SNR-03NH,5092598,5092594,313.5642118125552
SNR-01NV,22865239,22865239,63.94444746342589
SNR-038U,7609749,7609531,53.20819182530545
SNR-04A5,21176300,21176144,69.9250974593412
SNR-0454,21177172,21177172,53.935225206230264
SNR-0408,21160795,21160795,58.385994867051465
SNR-0128,17956869,17956869,18.104873650826196
SNR-00SU,17948666,17946190,27.953215763247957
SNR-00SI,17938240,17938240,15.653350141540221
SNR-00UG,19180610,19180562,18.573324203708133
SNR-00NO,167203697,19138465,13.490962599308219
SNR-00K8,19268286,19268286,58.6083373043997
SNR-00HZ,19104913,19104913,27.884651602764304
SNR-00A6,19088319,19088319,431.4586968016777
SNR-0017,15182073,15182073,50.76160102480676
SNR-003G,18910424,18910426,3943.159809304201
SNR-01UF,14206300,14208326,1593.9311794905623
SNR-045Q,21177172,21177172,27.8854753601907
SNR-04KK,10163716,10164004,642.7927590082516
SNR-053J,8077678,8077974,624.8622674538658
SNR-07GS,13606720,13606720,627.8178705209632
SNR-07H6,13606720,13606720,11.699552301595471
SNR-07H4,13606720,13606720,14.806321384120878
SNR-07YQ,9513990,9513996,117.67465046908757
SNR-095Z,14779396,14779576,238.44468827737074
SNR-09AG,13433691,13433513,31.129802545260667
SNR-09AF,13433691,13433513,1.0380265127464894
SNR-09SD,5879589,5879589,561.6058049556718
SNR-09X0,6130319,6130157,60.15052774079323
SNR-09X8,5879521,5879521,214.40199031838355
SNR-0AGO,22473621,22473909,230.3623430997135
SNR-0BP9,21980005,21980027,1030.054234753905
SNR-0BRW,21979697,21979761,601.5263963956141
SNR-0DJN,9033221,9033189,163.79199848014116
SNR-0DJM,9033221,9033189,163.98265142326142
